population,tier,case,p_m,defense_avoided,form,revenue_yr,energy_yr,fixed_yr,premium_yr,residual_el_yr,net_cession_yr,crossover_rent_yr,crossover_rate_tflops_hr,obs_over_crossover
enterprise,iGPU_today,case1_sameOS,1e-05,0.0,insured,0.0,78.5,8.5,1.28,0.0,-88.3,88.3,0.02601,0.08
enterprise,iGPU_today,case1_sameOS,1e-05,0.0,uninsured,0.0,78.5,8.5,1.28,4.83,-91.9,91.9,0.02705,0.08
enterprise,iGPU_today,case1_sameOS,1e-05,100.0,insured,0.0,78.5,8.5,1.28,0.0,11.7,-11.7,-0.00345,
enterprise,iGPU_today,case1_sameOS,1e-05,100.0,uninsured,0.0,78.5,8.5,1.28,4.83,8.1,-8.1,-0.0024,
enterprise,iGPU_today,case1_sameOS,0.001,0.0,insured,0.0,78.5,8.5,127.69,0.0,-214.7,214.7,0.06324,0.03
enterprise,iGPU_today,case1_sameOS,0.001,0.0,uninsured,0.0,78.5,8.5,127.69,285.0,-372.0,372.0,0.10957,0.02
enterprise,iGPU_today,case1_sameOS,0.001,100.0,insured,0.0,78.5,8.5,127.69,0.0,-114.7,114.7,0.03378,0.06
enterprise,iGPU_today,case1_sameOS,0.001,100.0,uninsured,0.0,78.5,8.5,127.69,285.0,-272.0,272.0,0.08011,0.03
enterprise,iGPU_today,case1_sameOS,0.01,0.0,insured,0.0,78.5,8.5,1276.92,0.0,-1363.9,1363.9,0.40171,0.01
enterprise,iGPU_today,case1_sameOS,0.01,0.0,uninsured,0.0,78.5,8.5,1276.92,2832.0,-2919.0,2919.0,0.8597,0.0
enterprise,iGPU_today,case1_sameOS,0.01,100.0,insured,0.0,78.5,8.5,1276.92,0.0,-1263.9,1263.9,0.37225,0.01
enterprise,iGPU_today,case1_sameOS,0.01,100.0,uninsured,0.0,78.5,8.5,1276.92,2832.0,-2819.0,2819.0,0.83025,0.0
enterprise,iGPU_today,case2_vm_nic,1e-05,0.0,insured,0.0,78.5,57.75,0.01,0.0,-136.3,136.3,0.04014,0.05
enterprise,iGPU_today,case2_vm_nic,1e-05,0.0,uninsured,0.0,78.5,57.75,0.01,0.05,-136.3,136.3,0.04015,0.05
enterprise,iGPU_today,case2_vm_nic,1e-05,100.0,insured,0.0,78.5,57.75,0.01,0.0,-36.3,36.3,0.01069,0.2
enterprise,iGPU_today,case2_vm_nic,1e-05,100.0,uninsured,0.0,78.5,57.75,0.01,0.05,-36.3,36.3,0.0107,0.2
enterprise,iGPU_today,case2_vm_nic,0.001,0.0,insured,0.0,78.5,57.75,1.28,0.0,-137.5,137.5,0.04051,0.05
enterprise,iGPU_today,case2_vm_nic,0.001,0.0,uninsured,0.0,78.5,57.75,1.28,2.85,-139.1,139.1,0.04097,0.05
enterprise,iGPU_today,case2_vm_nic,0.001,100.0,insured,0.0,78.5,57.75,1.28,0.0,-37.5,37.5,0.01106,0.2
enterprise,iGPU_today,case2_vm_nic,0.001,100.0,uninsured,0.0,78.5,57.75,1.28,2.85,-39.1,39.1,0.01152,0.19
enterprise,iGPU_today,case2_vm_nic,0.01,0.0,insured,0.0,78.5,57.75,12.77,0.0,-149.0,149.0,0.04389,0.05
enterprise,iGPU_today,case2_vm_nic,0.01,0.0,uninsured,0.0,78.5,57.75,12.77,28.32,-164.6,164.6,0.04847,0.04
enterprise,iGPU_today,case2_vm_nic,0.01,100.0,insured,0.0,78.5,57.75,12.77,0.0,-49.0,49.0,0.01444,0.15
enterprise,iGPU_today,case2_vm_nic,0.01,100.0,uninsured,0.0,78.5,57.75,12.77,28.32,-64.6,64.6,0.01902,0.11
enterprise,iGPU_today,case3_hw_partition,1e-05,0.0,insured,0.0,78.5,17.95,0.0,0.0,-96.5,96.5,0.02841,0.08
enterprise,iGPU_today,case3_hw_partition,1e-05,0.0,uninsured,0.0,78.5,17.95,0.0,0.0,-96.5,96.5,0.02841,0.08
enterprise,iGPU_today,case3_hw_partition,1e-05,100.0,insured,0.0,78.5,17.95,0.0,0.0,3.5,-3.5,-0.00104,
enterprise,iGPU_today,case3_hw_partition,1e-05,100.0,uninsured,0.0,78.5,17.95,0.0,0.0,3.5,-3.5,-0.00104,
enterprise,iGPU_today,case3_hw_partition,0.001,0.0,insured,0.0,78.5,17.95,0.11,0.0,-96.6,96.6,0.02845,0.08
enterprise,iGPU_today,case3_hw_partition,0.001,0.0,uninsured,0.0,78.5,17.95,0.11,0.26,-96.7,96.7,0.02849,0.08
enterprise,iGPU_today,case3_hw_partition,0.001,100.0,insured,0.0,78.5,17.95,0.11,0.0,3.4,-3.4,-0.00101,
enterprise,iGPU_today,case3_hw_partition,0.001,100.0,uninsured,0.0,78.5,17.95,0.11,0.26,3.3,-3.3,-0.00096,
enterprise,iGPU_today,case3_hw_partition,0.01,0.0,insured,0.0,78.5,17.95,1.15,0.0,-97.6,97.6,0.02875,0.08
enterprise,iGPU_today,case3_hw_partition,0.01,0.0,uninsured,0.0,78.5,17.95,1.15,2.55,-99.0,99.0,0.02916,0.07
enterprise,iGPU_today,case3_hw_partition,0.01,100.0,insured,0.0,78.5,17.95,1.15,0.0,2.4,-2.4,-0.0007,
enterprise,iGPU_today,case3_hw_partition,0.01,100.0,uninsured,0.0,78.5,17.95,1.15,2.55,1.0,-1.0,-0.00029,
enterprise,iGPU_today,case4_new_silicon,1e-05,0.0,insured,0.0,78.5,19.75,0.0,0.0,-98.3,98.3,0.02894,0.08
enterprise,iGPU_today,case4_new_silicon,1e-05,0.0,uninsured,0.0,78.5,19.75,0.0,0.0,-98.3,98.3,0.02894,0.08
enterprise,iGPU_today,case4_new_silicon,1e-05,100.0,insured,0.0,78.5,19.75,0.0,0.0,1.7,-1.7,-0.00051,
enterprise,iGPU_today,case4_new_silicon,1e-05,100.0,uninsured,0.0,78.5,19.75,0.0,0.0,1.7,-1.7,-0.00051,
enterprise,iGPU_today,case4_new_silicon,0.001,0.0,insured,0.0,78.5,19.75,0.11,0.0,-98.4,98.4,0.02898,0.08
enterprise,iGPU_today,case4_new_silicon,0.001,0.0,uninsured,0.0,78.5,19.75,0.11,0.26,-98.5,98.5,0.02902,0.08
enterprise,iGPU_today,case4_new_silicon,0.001,100.0,insured,0.0,78.5,19.75,0.11,0.0,1.6,-1.6,-0.00048,
enterprise,iGPU_today,case4_new_silicon,0.001,100.0,uninsured,0.0,78.5,19.75,0.11,0.26,1.5,-1.5,-0.00043,
enterprise,iGPU_today,case4_new_silicon,0.01,0.0,insured,0.0,78.5,19.75,1.15,0.0,-99.4,99.4,0.02928,0.07
enterprise,iGPU_today,case4_new_silicon,0.01,0.0,uninsured,0.0,78.5,19.75,1.15,2.55,-100.8,100.8,0.02969,0.07
enterprise,iGPU_today,case4_new_silicon,0.01,100.0,insured,0.0,78.5,19.75,1.15,0.0,0.6,-0.6,-0.00017,
enterprise,iGPU_today,case4_new_silicon,0.01,100.0,uninsured,0.0,78.5,19.75,1.15,2.55,-0.8,0.8,0.00024,9.04
enterprise,iGPU_fungible_fp32,case1_sameOS,1e-05,0.0,insured,7.4,78.5,8.5,1.28,0.0,-80.9,88.3,0.02601,0.08
enterprise,iGPU_fungible_fp32,case1_sameOS,1e-05,0.0,uninsured,7.4,78.5,8.5,1.28,4.83,-84.4,91.9,0.02705,0.08
enterprise,iGPU_fungible_fp32,case1_sameOS,1e-05,100.0,insured,7.4,78.5,8.5,1.28,0.0,19.1,-11.7,-0.00345,
enterprise,iGPU_fungible_fp32,case1_sameOS,1e-05,100.0,uninsured,7.4,78.5,8.5,1.28,4.83,15.6,-8.1,-0.0024,
enterprise,iGPU_fungible_fp32,case1_sameOS,0.001,0.0,insured,7.4,78.5,8.5,127.69,0.0,-207.3,214.7,0.06324,0.03
enterprise,iGPU_fungible_fp32,case1_sameOS,0.001,0.0,uninsured,7.4,78.5,8.5,127.69,285.0,-364.6,372.0,0.10957,0.02
enterprise,iGPU_fungible_fp32,case1_sameOS,0.001,100.0,insured,7.4,78.5,8.5,127.69,0.0,-107.3,114.7,0.03378,0.06
enterprise,iGPU_fungible_fp32,case1_sameOS,0.001,100.0,uninsured,7.4,78.5,8.5,127.69,285.0,-264.6,272.0,0.08011,0.03
enterprise,iGPU_fungible_fp32,case1_sameOS,0.01,0.0,insured,7.4,78.5,8.5,1276.92,0.0,-1356.5,1363.9,0.40171,0.01
enterprise,iGPU_fungible_fp32,case1_sameOS,0.01,0.0,uninsured,7.4,78.5,8.5,1276.92,2832.0,-2911.6,2919.0,0.8597,0.0
enterprise,iGPU_fungible_fp32,case1_sameOS,0.01,100.0,insured,7.4,78.5,8.5,1276.92,0.0,-1256.5,1263.9,0.37225,0.01
enterprise,iGPU_fungible_fp32,case1_sameOS,0.01,100.0,uninsured,7.4,78.5,8.5,1276.92,2832.0,-2811.6,2819.0,0.83025,0.0
enterprise,iGPU_fungible_fp32,case2_vm_nic,1e-05,0.0,insured,7.4,78.5,57.75,0.01,0.0,-128.9,136.3,0.04014,0.05
enterprise,iGPU_fungible_fp32,case2_vm_nic,1e-05,0.0,uninsured,7.4,78.5,57.75,0.01,0.05,-128.9,136.3,0.04015,0.05
enterprise,iGPU_fungible_fp32,case2_vm_nic,1e-05,100.0,insured,7.4,78.5,57.75,0.01,0.0,-28.9,36.3,0.01069,0.2
enterprise,iGPU_fungible_fp32,case2_vm_nic,1e-05,100.0,uninsured,7.4,78.5,57.75,0.01,0.05,-28.9,36.3,0.0107,0.2
enterprise,iGPU_fungible_fp32,case2_vm_nic,0.001,0.0,insured,7.4,78.5,57.75,1.28,0.0,-130.1,137.5,0.04051,0.05
enterprise,iGPU_fungible_fp32,case2_vm_nic,0.001,0.0,uninsured,7.4,78.5,57.75,1.28,2.85,-131.7,139.1,0.04097,0.05
enterprise,iGPU_fungible_fp32,case2_vm_nic,0.001,100.0,insured,7.4,78.5,57.75,1.28,0.0,-30.1,37.5,0.01106,0.2
enterprise,iGPU_fungible_fp32,case2_vm_nic,0.001,100.0,uninsured,7.4,78.5,57.75,1.28,2.85,-31.7,39.1,0.01152,0.19
enterprise,iGPU_fungible_fp32,case2_vm_nic,0.01,0.0,insured,7.4,78.5,57.75,12.77,0.0,-141.6,149.0,0.04389,0.05
enterprise,iGPU_fungible_fp32,case2_vm_nic,0.01,0.0,uninsured,7.4,78.5,57.75,12.77,28.32,-157.2,164.6,0.04847,0.04
enterprise,iGPU_fungible_fp32,case2_vm_nic,0.01,100.0,insured,7.4,78.5,57.75,12.77,0.0,-41.6,49.0,0.01444,0.15
enterprise,iGPU_fungible_fp32,case2_vm_nic,0.01,100.0,uninsured,7.4,78.5,57.75,12.77,28.32,-57.2,64.6,0.01902,0.11
enterprise,iGPU_fungible_fp32,case3_hw_partition,1e-05,0.0,insured,7.4,78.5,17.95,0.0,0.0,-89.1,96.5,0.02841,0.08
enterprise,iGPU_fungible_fp32,case3_hw_partition,1e-05,0.0,uninsured,7.4,78.5,17.95,0.0,0.0,-89.1,96.5,0.02841,0.08
enterprise,iGPU_fungible_fp32,case3_hw_partition,1e-05,100.0,insured,7.4,78.5,17.95,0.0,0.0,10.9,-3.5,-0.00104,
enterprise,iGPU_fungible_fp32,case3_hw_partition,1e-05,100.0,uninsured,7.4,78.5,17.95,0.0,0.0,10.9,-3.5,-0.00104,
enterprise,iGPU_fungible_fp32,case3_hw_partition,0.001,0.0,insured,7.4,78.5,17.95,0.11,0.0,-89.2,96.6,0.02845,0.08
enterprise,iGPU_fungible_fp32,case3_hw_partition,0.001,0.0,uninsured,7.4,78.5,17.95,0.11,0.26,-89.3,96.7,0.02849,0.08
enterprise,iGPU_fungible_fp32,case3_hw_partition,0.001,100.0,insured,7.4,78.5,17.95,0.11,0.0,10.8,-3.4,-0.00101,
enterprise,iGPU_fungible_fp32,case3_hw_partition,0.001,100.0,uninsured,7.4,78.5,17.95,0.11,0.26,10.7,-3.3,-0.00096,
enterprise,iGPU_fungible_fp32,case3_hw_partition,0.01,0.0,insured,7.4,78.5,17.95,1.15,0.0,-90.2,97.6,0.02875,0.08
enterprise,iGPU_fungible_fp32,case3_hw_partition,0.01,0.0,uninsured,7.4,78.5,17.95,1.15,2.55,-91.6,99.0,0.02916,0.07
enterprise,iGPU_fungible_fp32,case3_hw_partition,0.01,100.0,insured,7.4,78.5,17.95,1.15,0.0,9.8,-2.4,-0.0007,
enterprise,iGPU_fungible_fp32,case3_hw_partition,0.01,100.0,uninsured,7.4,78.5,17.95,1.15,2.55,8.4,-1.0,-0.00029,
enterprise,iGPU_fungible_fp32,case4_new_silicon,1e-05,0.0,insured,7.4,78.5,19.75,0.0,0.0,-90.9,98.3,0.02894,0.08
enterprise,iGPU_fungible_fp32,case4_new_silicon,1e-05,0.0,uninsured,7.4,78.5,19.75,0.0,0.0,-90.9,98.3,0.02894,0.08
enterprise,iGPU_fungible_fp32,case4_new_silicon,1e-05,100.0,insured,7.4,78.5,19.75,0.0,0.0,9.1,-1.7,-0.00051,
enterprise,iGPU_fungible_fp32,case4_new_silicon,1e-05,100.0,uninsured,7.4,78.5,19.75,0.0,0.0,9.1,-1.7,-0.00051,
enterprise,iGPU_fungible_fp32,case4_new_silicon,0.001,0.0,insured,7.4,78.5,19.75,0.11,0.0,-91.0,98.4,0.02898,0.08
enterprise,iGPU_fungible_fp32,case4_new_silicon,0.001,0.0,uninsured,7.4,78.5,19.75,0.11,0.26,-91.1,98.5,0.02902,0.08
enterprise,iGPU_fungible_fp32,case4_new_silicon,0.001,100.0,insured,7.4,78.5,19.75,0.11,0.0,9.0,-1.6,-0.00048,
enterprise,iGPU_fungible_fp32,case4_new_silicon,0.001,100.0,uninsured,7.4,78.5,19.75,0.11,0.26,8.9,-1.5,-0.00043,
enterprise,iGPU_fungible_fp32,case4_new_silicon,0.01,0.0,insured,7.4,78.5,19.75,1.15,0.0,-92.0,99.4,0.02928,0.07
enterprise,iGPU_fungible_fp32,case4_new_silicon,0.01,0.0,uninsured,7.4,78.5,19.75,1.15,2.55,-93.4,100.8,0.02969,0.07
enterprise,iGPU_fungible_fp32,case4_new_silicon,0.01,100.0,insured,7.4,78.5,19.75,1.15,0.0,8.0,-0.6,-0.00017,
enterprise,iGPU_fungible_fp32,case4_new_silicon,0.01,100.0,uninsured,7.4,78.5,19.75,1.15,2.55,6.6,0.8,0.00024,9.04
enterprise,entry_1660_2060,case1_sameOS,1e-05,0.0,insured,123.0,283.9,8.5,1.28,0.0,-170.7,293.7,0.00466,0.47
enterprise,entry_1660_2060,case1_sameOS,1e-05,0.0,uninsured,123.0,283.9,8.5,1.28,4.83,-174.2,297.2,0.00471,0.46
enterprise,entry_1660_2060,case1_sameOS,1e-05,100.0,insured,123.0,283.9,8.5,1.28,0.0,-70.7,193.7,0.00307,0.71
enterprise,entry_1660_2060,case1_sameOS,1e-05,100.0,uninsured,123.0,283.9,8.5,1.28,4.83,-74.2,197.2,0.00313,0.7
enterprise,entry_1660_2060,case1_sameOS,0.001,0.0,insured,123.0,283.9,8.5,127.69,0.0,-297.1,420.1,0.00666,0.33
enterprise,entry_1660_2060,case1_sameOS,0.001,0.0,uninsured,123.0,283.9,8.5,127.69,285.0,-454.4,577.4,0.00915,0.24
enterprise,entry_1660_2060,case1_sameOS,0.001,100.0,insured,123.0,283.9,8.5,127.69,0.0,-197.1,320.1,0.00507,0.43
enterprise,entry_1660_2060,case1_sameOS,0.001,100.0,uninsured,123.0,283.9,8.5,127.69,285.0,-354.4,477.4,0.00757,0.29
enterprise,entry_1660_2060,case1_sameOS,0.01,0.0,insured,123.0,283.9,8.5,1276.92,0.0,-1446.3,1569.3,0.02488,0.09
enterprise,entry_1660_2060,case1_sameOS,0.01,0.0,uninsured,123.0,283.9,8.5,1276.92,2832.0,-3001.4,3124.4,0.04954,0.04
enterprise,entry_1660_2060,case1_sameOS,0.01,100.0,insured,123.0,283.9,8.5,1276.92,0.0,-1346.3,1469.3,0.0233,0.09
enterprise,entry_1660_2060,case1_sameOS,0.01,100.0,uninsured,123.0,283.9,8.5,1276.92,2832.0,-2901.4,3024.4,0.04795,0.05
enterprise,entry_1660_2060,case2_vm_nic,1e-05,0.0,insured,123.0,283.9,57.75,0.01,0.0,-218.6,341.6,0.00542,0.4
enterprise,entry_1660_2060,case2_vm_nic,1e-05,0.0,uninsured,123.0,283.9,57.75,0.01,0.05,-218.7,341.7,0.00542,0.4
enterprise,entry_1660_2060,case2_vm_nic,1e-05,100.0,insured,123.0,283.9,57.75,0.01,0.0,-118.6,241.6,0.00383,0.57
enterprise,entry_1660_2060,case2_vm_nic,1e-05,100.0,uninsured,123.0,283.9,57.75,0.01,0.05,-118.7,241.7,0.00383,0.57
enterprise,entry_1660_2060,case2_vm_nic,0.001,0.0,insured,123.0,283.9,57.75,1.28,0.0,-219.9,342.9,0.00544,0.4
enterprise,entry_1660_2060,case2_vm_nic,0.001,0.0,uninsured,123.0,283.9,57.75,1.28,2.85,-221.5,344.5,0.00546,0.4
enterprise,entry_1660_2060,case2_vm_nic,0.001,100.0,insured,123.0,283.9,57.75,1.28,0.0,-119.9,242.9,0.00385,0.57
enterprise,entry_1660_2060,case2_vm_nic,0.001,100.0,uninsured,123.0,283.9,57.75,1.28,2.85,-121.5,244.5,0.00388,0.56
enterprise,entry_1660_2060,case2_vm_nic,0.01,0.0,insured,123.0,283.9,57.75,12.77,0.0,-231.4,354.4,0.00562,0.39
enterprise,entry_1660_2060,case2_vm_nic,0.01,0.0,uninsured,123.0,283.9,57.75,12.77,28.32,-247.0,370.0,0.00587,0.37
enterprise,entry_1660_2060,case2_vm_nic,0.01,100.0,insured,123.0,283.9,57.75,12.77,0.0,-131.4,254.4,0.00403,0.54
enterprise,entry_1660_2060,case2_vm_nic,0.01,100.0,uninsured,123.0,283.9,57.75,12.77,28.32,-147.0,270.0,0.00428,0.51
enterprise,entry_1660_2060,case3_hw_partition,1e-05,0.0,insured,123.0,283.9,17.95,0.0,0.0,-178.8,301.8,0.00479,0.46
enterprise,entry_1660_2060,case3_hw_partition,1e-05,0.0,uninsured,123.0,283.9,17.95,0.0,0.0,-178.8,301.8,0.00479,0.46
enterprise,entry_1660_2060,case3_hw_partition,1e-05,100.0,insured,123.0,283.9,17.95,0.0,0.0,-78.8,201.8,0.0032,0.68
enterprise,entry_1660_2060,case3_hw_partition,1e-05,100.0,uninsured,123.0,283.9,17.95,0.0,0.0,-78.8,201.8,0.0032,0.68
enterprise,entry_1660_2060,case3_hw_partition,0.001,0.0,insured,123.0,283.9,17.95,0.11,0.0,-178.9,301.9,0.00479,0.46
enterprise,entry_1660_2060,case3_hw_partition,0.001,0.0,uninsured,123.0,283.9,17.95,0.11,0.26,-179.1,302.1,0.00479,0.46
enterprise,entry_1660_2060,case3_hw_partition,0.001,100.0,insured,123.0,283.9,17.95,0.11,0.0,-78.9,201.9,0.0032,0.68
enterprise,entry_1660_2060,case3_hw_partition,0.001,100.0,uninsured,123.0,283.9,17.95,0.11,0.26,-79.1,202.1,0.0032,0.68
enterprise,entry_1660_2060,case3_hw_partition,0.01,0.0,insured,123.0,283.9,17.95,1.15,0.0,-180.0,303.0,0.0048,0.45
enterprise,entry_1660_2060,case3_hw_partition,0.01,0.0,uninsured,123.0,283.9,17.95,1.15,2.55,-181.4,304.4,0.00483,0.45
enterprise,entry_1660_2060,case3_hw_partition,0.01,100.0,insured,123.0,283.9,17.95,1.15,0.0,-80.0,203.0,0.00322,0.68
enterprise,entry_1660_2060,case3_hw_partition,0.01,100.0,uninsured,123.0,283.9,17.95,1.15,2.55,-81.4,204.4,0.00324,0.67
enterprise,entry_1660_2060,case4_new_silicon,1e-05,0.0,insured,123.0,283.9,19.75,0.0,0.0,-180.6,303.6,0.00481,0.45
enterprise,entry_1660_2060,case4_new_silicon,1e-05,0.0,uninsured,123.0,283.9,19.75,0.0,0.0,-180.6,303.6,0.00481,0.45
enterprise,entry_1660_2060,case4_new_silicon,1e-05,100.0,insured,123.0,283.9,19.75,0.0,0.0,-80.6,203.6,0.00323,0.68
enterprise,entry_1660_2060,case4_new_silicon,1e-05,100.0,uninsured,123.0,283.9,19.75,0.0,0.0,-80.6,203.6,0.00323,0.68
enterprise,entry_1660_2060,case4_new_silicon,0.001,0.0,insured,123.0,283.9,19.75,0.11,0.0,-180.7,303.7,0.00482,0.45
enterprise,entry_1660_2060,case4_new_silicon,0.001,0.0,uninsured,123.0,283.9,19.75,0.11,0.26,-180.9,303.9,0.00482,0.45
enterprise,entry_1660_2060,case4_new_silicon,0.001,100.0,insured,123.0,283.9,19.75,0.11,0.0,-80.7,203.7,0.00323,0.67
enterprise,entry_1660_2060,case4_new_silicon,0.001,100.0,uninsured,123.0,283.9,19.75,0.11,0.26,-80.9,203.9,0.00323,0.67
enterprise,entry_1660_2060,case4_new_silicon,0.01,0.0,insured,123.0,283.9,19.75,1.15,0.0,-181.8,304.8,0.00483,0.45
enterprise,entry_1660_2060,case4_new_silicon,0.01,0.0,uninsured,123.0,283.9,19.75,1.15,2.55,-183.2,306.2,0.00485,0.45
enterprise,entry_1660_2060,case4_new_silicon,0.01,100.0,insured,123.0,283.9,19.75,1.15,0.0,-81.8,204.8,0.00325,0.67
enterprise,entry_1660_2060,case4_new_silicon,0.01,100.0,uninsured,123.0,283.9,19.75,1.15,2.55,-83.2,206.2,0.00327,0.67
enterprise,mid_3090,case1_sameOS,1e-05,0.0,insured,596.0,501.3,8.5,1.28,0.0,84.9,511.1,0.00164,1.33
enterprise,mid_3090,case1_sameOS,1e-05,0.0,uninsured,596.0,501.3,8.5,1.28,4.83,81.3,514.7,0.00165,1.32
enterprise,mid_3090,case1_sameOS,1e-05,100.0,insured,596.0,501.3,8.5,1.28,0.0,184.9,411.1,0.00132,1.65
enterprise,mid_3090,case1_sameOS,1e-05,100.0,uninsured,596.0,501.3,8.5,1.28,4.83,181.3,414.7,0.00133,1.64
enterprise,mid_3090,case1_sameOS,0.001,0.0,insured,596.0,501.3,8.5,127.69,0.0,-41.5,637.5,0.00204,1.07
enterprise,mid_3090,case1_sameOS,0.001,0.0,uninsured,596.0,501.3,8.5,127.69,285.0,-198.8,794.8,0.00255,0.86
enterprise,mid_3090,case1_sameOS,0.001,100.0,insured,596.0,501.3,8.5,127.69,0.0,58.5,537.5,0.00172,1.26
enterprise,mid_3090,case1_sameOS,0.001,100.0,uninsured,596.0,501.3,8.5,127.69,285.0,-98.8,694.8,0.00223,0.98
enterprise,mid_3090,case1_sameOS,0.01,0.0,insured,596.0,501.3,8.5,1276.92,0.0,-1190.7,1786.7,0.00573,0.38
enterprise,mid_3090,case1_sameOS,0.01,0.0,uninsured,596.0,501.3,8.5,1276.92,2832.0,-2745.8,3341.8,0.01072,0.2
enterprise,mid_3090,case1_sameOS,0.01,100.0,insured,596.0,501.3,8.5,1276.92,0.0,-1090.7,1686.7,0.00541,0.4
enterprise,mid_3090,case1_sameOS,0.01,100.0,uninsured,596.0,501.3,8.5,1276.92,2832.0,-2645.8,3241.8,0.0104,0.21
enterprise,mid_3090,case2_vm_nic,1e-05,0.0,insured,596.0,501.3,57.75,0.01,0.0,36.9,559.1,0.00179,1.22
enterprise,mid_3090,case2_vm_nic,1e-05,0.0,uninsured,596.0,501.3,57.75,0.01,0.05,36.9,559.1,0.00179,1.22
enterprise,mid_3090,case2_vm_nic,1e-05,100.0,insured,596.0,501.3,57.75,0.01,0.0,136.9,459.1,0.00147,1.48
enterprise,mid_3090,case2_vm_nic,1e-05,100.0,uninsured,596.0,501.3,57.75,0.01,0.05,136.9,459.1,0.00147,1.48
enterprise,mid_3090,case2_vm_nic,0.001,0.0,insured,596.0,501.3,57.75,1.28,0.0,35.7,560.3,0.0018,1.21
enterprise,mid_3090,case2_vm_nic,0.001,0.0,uninsured,596.0,501.3,57.75,1.28,2.85,34.1,561.9,0.0018,1.21
enterprise,mid_3090,case2_vm_nic,0.001,100.0,insured,596.0,501.3,57.75,1.28,0.0,135.7,460.3,0.00148,1.48
enterprise,mid_3090,case2_vm_nic,0.001,100.0,uninsured,596.0,501.3,57.75,1.28,2.85,134.1,461.9,0.00148,1.47
enterprise,mid_3090,case2_vm_nic,0.01,0.0,insured,596.0,501.3,57.75,12.77,0.0,24.2,571.8,0.00183,1.19
enterprise,mid_3090,case2_vm_nic,0.01,0.0,uninsured,596.0,501.3,57.75,12.77,28.32,8.6,587.4,0.00188,1.16
enterprise,mid_3090,case2_vm_nic,0.01,100.0,insured,596.0,501.3,57.75,12.77,0.0,124.2,471.8,0.00151,1.44
enterprise,mid_3090,case2_vm_nic,0.01,100.0,uninsured,596.0,501.3,57.75,12.77,28.32,108.6,487.4,0.00156,1.39
enterprise,mid_3090,case3_hw_partition,1e-05,0.0,insured,596.0,501.3,17.95,0.0,0.0,76.7,519.3,0.00167,1.31
enterprise,mid_3090,case3_hw_partition,1e-05,0.0,uninsured,596.0,501.3,17.95,0.0,0.0,76.7,519.3,0.00167,1.31
enterprise,mid_3090,case3_hw_partition,1e-05,100.0,insured,596.0,501.3,17.95,0.0,0.0,176.7,419.3,0.00134,1.62
enterprise,mid_3090,case3_hw_partition,1e-05,100.0,uninsured,596.0,501.3,17.95,0.0,0.0,176.7,419.3,0.00134,1.62
enterprise,mid_3090,case3_hw_partition,0.001,0.0,insured,596.0,501.3,17.95,0.11,0.0,76.6,519.4,0.00167,1.31
enterprise,mid_3090,case3_hw_partition,0.001,0.0,uninsured,596.0,501.3,17.95,0.11,0.26,76.5,519.5,0.00167,1.31
enterprise,mid_3090,case3_hw_partition,0.001,100.0,insured,596.0,501.3,17.95,0.11,0.0,176.6,419.4,0.00134,1.62
enterprise,mid_3090,case3_hw_partition,0.001,100.0,uninsured,596.0,501.3,17.95,0.11,0.26,176.5,419.5,0.00135,1.62
enterprise,mid_3090,case3_hw_partition,0.01,0.0,insured,596.0,501.3,17.95,1.15,0.0,75.6,520.4,0.00167,1.31
enterprise,mid_3090,case3_hw_partition,0.01,0.0,uninsured,596.0,501.3,17.95,1.15,2.55,74.2,521.8,0.00167,1.3
enterprise,mid_3090,case3_hw_partition,0.01,100.0,insured,596.0,501.3,17.95,1.15,0.0,175.6,420.4,0.00135,1.62
enterprise,mid_3090,case3_hw_partition,0.01,100.0,uninsured,596.0,501.3,17.95,1.15,2.55,174.2,421.8,0.00135,1.61
enterprise,mid_3090,case4_new_silicon,1e-05,0.0,insured,596.0,501.3,19.75,0.0,0.0,74.9,521.1,0.00167,1.3
enterprise,mid_3090,case4_new_silicon,1e-05,0.0,uninsured,596.0,501.3,19.75,0.0,0.0,74.9,521.1,0.00167,1.3
enterprise,mid_3090,case4_new_silicon,1e-05,100.0,insured,596.0,501.3,19.75,0.0,0.0,174.9,421.1,0.00135,1.61
enterprise,mid_3090,case4_new_silicon,1e-05,100.0,uninsured,596.0,501.3,19.75,0.0,0.0,174.9,421.1,0.00135,1.61
enterprise,mid_3090,case4_new_silicon,0.001,0.0,insured,596.0,501.3,19.75,0.11,0.0,74.8,521.2,0.00167,1.3
enterprise,mid_3090,case4_new_silicon,0.001,0.0,uninsured,596.0,501.3,19.75,0.11,0.26,74.7,521.3,0.00167,1.3
enterprise,mid_3090,case4_new_silicon,0.001,100.0,insured,596.0,501.3,19.75,0.11,0.0,174.8,421.2,0.00135,1.61
enterprise,mid_3090,case4_new_silicon,0.001,100.0,uninsured,596.0,501.3,19.75,0.11,0.26,174.7,421.3,0.00135,1.61
enterprise,mid_3090,case4_new_silicon,0.01,0.0,insured,596.0,501.3,19.75,1.15,0.0,73.8,522.2,0.00167,1.3
enterprise,mid_3090,case4_new_silicon,0.01,0.0,uninsured,596.0,501.3,19.75,1.15,2.55,72.4,523.6,0.00168,1.3
enterprise,mid_3090,case4_new_silicon,0.01,100.0,insured,596.0,501.3,19.75,1.15,0.0,173.8,422.2,0.00135,1.61
enterprise,mid_3090,case4_new_silicon,0.01,100.0,uninsured,596.0,501.3,19.75,1.15,2.55,172.4,423.6,0.00136,1.6
enterprise,high_4090,case1_sameOS,1e-05,0.0,insured,1577.0,622.1,8.5,1.28,0.0,945.1,631.9,0.00087,2.5
enterprise,high_4090,case1_sameOS,1e-05,0.0,uninsured,1577.0,622.1,8.5,1.28,4.83,941.5,635.5,0.00088,2.48
enterprise,high_4090,case1_sameOS,1e-05,100.0,insured,1577.0,622.1,8.5,1.28,0.0,1045.1,531.9,0.00074,2.97
enterprise,high_4090,case1_sameOS,1e-05,100.0,uninsured,1577.0,622.1,8.5,1.28,4.83,1041.5,535.5,0.00074,2.95
enterprise,high_4090,case1_sameOS,0.001,0.0,insured,1577.0,622.1,8.5,127.69,0.0,818.7,758.3,0.00105,2.08
enterprise,high_4090,case1_sameOS,0.001,0.0,uninsured,1577.0,622.1,8.5,127.69,285.0,661.4,915.6,0.00127,1.72
enterprise,high_4090,case1_sameOS,0.001,100.0,insured,1577.0,622.1,8.5,127.69,0.0,918.7,658.3,0.00091,2.4
enterprise,high_4090,case1_sameOS,0.001,100.0,uninsured,1577.0,622.1,8.5,127.69,285.0,761.4,815.6,0.00113,1.93
enterprise,high_4090,case1_sameOS,0.01,0.0,insured,1577.0,622.1,8.5,1276.92,0.0,-330.5,1907.5,0.00264,0.83
enterprise,high_4090,case1_sameOS,0.01,0.0,uninsured,1577.0,622.1,8.5,1276.92,2832.0,-1885.6,3462.6,0.00479,0.46
enterprise,high_4090,case1_sameOS,0.01,100.0,insured,1577.0,622.1,8.5,1276.92,0.0,-230.5,1807.5,0.0025,0.87
enterprise,high_4090,case1_sameOS,0.01,100.0,uninsured,1577.0,622.1,8.5,1276.92,2832.0,-1785.6,3362.6,0.00465,0.47
enterprise,high_4090,case2_vm_nic,1e-05,0.0,insured,1577.0,622.1,57.75,0.01,0.0,897.1,679.9,0.00094,2.32
enterprise,high_4090,case2_vm_nic,1e-05,0.0,uninsured,1577.0,622.1,57.75,0.01,0.05,897.1,679.9,0.00094,2.32
enterprise,high_4090,case2_vm_nic,1e-05,100.0,insured,1577.0,622.1,57.75,0.01,0.0,997.1,579.9,0.0008,2.72
enterprise,high_4090,case2_vm_nic,1e-05,100.0,uninsured,1577.0,622.1,57.75,0.01,0.05,997.1,579.9,0.0008,2.72
enterprise,high_4090,case2_vm_nic,0.001,0.0,insured,1577.0,622.1,57.75,1.28,0.0,895.9,681.1,0.00094,2.32
enterprise,high_4090,case2_vm_nic,0.001,0.0,uninsured,1577.0,622.1,57.75,1.28,2.85,894.3,682.7,0.00094,2.31
enterprise,high_4090,case2_vm_nic,0.001,100.0,insured,1577.0,622.1,57.75,1.28,0.0,995.9,581.1,0.0008,2.71
enterprise,high_4090,case2_vm_nic,0.001,100.0,uninsured,1577.0,622.1,57.75,1.28,2.85,994.3,582.7,0.00081,2.71
enterprise,high_4090,case2_vm_nic,0.01,0.0,insured,1577.0,622.1,57.75,12.77,0.0,884.4,692.6,0.00096,2.28
enterprise,high_4090,case2_vm_nic,0.01,0.0,uninsured,1577.0,622.1,57.75,12.77,28.32,868.8,708.2,0.00098,2.23
enterprise,high_4090,case2_vm_nic,0.01,100.0,insured,1577.0,622.1,57.75,12.77,0.0,984.4,592.6,0.00082,2.66
enterprise,high_4090,case2_vm_nic,0.01,100.0,uninsured,1577.0,622.1,57.75,12.77,28.32,968.8,608.2,0.00084,2.59
enterprise,high_4090,case3_hw_partition,1e-05,0.0,insured,1577.0,622.1,17.95,0.0,0.0,936.9,640.1,0.00088,2.46
enterprise,high_4090,case3_hw_partition,1e-05,0.0,uninsured,1577.0,622.1,17.95,0.0,0.0,936.9,640.1,0.00088,2.46
enterprise,high_4090,case3_hw_partition,1e-05,100.0,insured,1577.0,622.1,17.95,0.0,0.0,1036.9,540.1,0.00075,2.92
enterprise,high_4090,case3_hw_partition,1e-05,100.0,uninsured,1577.0,622.1,17.95,0.0,0.0,1036.9,540.1,0.00075,2.92
enterprise,high_4090,case3_hw_partition,0.001,0.0,insured,1577.0,622.1,17.95,0.11,0.0,936.8,640.2,0.00088,2.46
enterprise,high_4090,case3_hw_partition,0.001,0.0,uninsured,1577.0,622.1,17.95,0.11,0.26,936.7,640.3,0.00088,2.46
enterprise,high_4090,case3_hw_partition,0.001,100.0,insured,1577.0,622.1,17.95,0.11,0.0,1036.8,540.2,0.00075,2.92
enterprise,high_4090,case3_hw_partition,0.001,100.0,uninsured,1577.0,622.1,17.95,0.11,0.26,1036.7,540.3,0.00075,2.92
enterprise,high_4090,case3_hw_partition,0.01,0.0,insured,1577.0,622.1,17.95,1.15,0.0,935.8,641.2,0.00089,2.46
enterprise,high_4090,case3_hw_partition,0.01,0.0,uninsured,1577.0,622.1,17.95,1.15,2.55,934.4,642.6,0.00089,2.45
enterprise,high_4090,case3_hw_partition,0.01,100.0,insured,1577.0,622.1,17.95,1.15,0.0,1035.8,541.2,0.00075,2.91
enterprise,high_4090,case3_hw_partition,0.01,100.0,uninsured,1577.0,622.1,17.95,1.15,2.55,1034.4,542.6,0.00075,2.91
enterprise,high_4090,case4_new_silicon,1e-05,0.0,insured,1577.0,622.1,19.75,0.0,0.0,935.1,641.9,0.00089,2.46
enterprise,high_4090,case4_new_silicon,1e-05,0.0,uninsured,1577.0,622.1,19.75,0.0,0.0,935.1,641.9,0.00089,2.46
enterprise,high_4090,case4_new_silicon,1e-05,100.0,insured,1577.0,622.1,19.75,0.0,0.0,1035.1,541.9,0.00075,2.91
enterprise,high_4090,case4_new_silicon,1e-05,100.0,uninsured,1577.0,622.1,19.75,0.0,0.0,1035.1,541.9,0.00075,2.91
enterprise,high_4090,case4_new_silicon,0.001,0.0,insured,1577.0,622.1,19.75,0.11,0.0,935.0,642.0,0.00089,2.46
enterprise,high_4090,case4_new_silicon,0.001,0.0,uninsured,1577.0,622.1,19.75,0.11,0.26,934.9,642.1,0.00089,2.46
enterprise,high_4090,case4_new_silicon,0.001,100.0,insured,1577.0,622.1,19.75,0.11,0.0,1035.0,542.0,0.00075,2.91
enterprise,high_4090,case4_new_silicon,0.001,100.0,uninsured,1577.0,622.1,19.75,0.11,0.26,1034.9,542.1,0.00075,2.91
enterprise,high_4090,case4_new_silicon,0.01,0.0,insured,1577.0,622.1,19.75,1.15,0.0,934.0,643.0,0.00089,2.45
enterprise,high_4090,case4_new_silicon,0.01,0.0,uninsured,1577.0,622.1,19.75,1.15,2.55,932.6,644.4,0.00089,2.45
enterprise,high_4090,case4_new_silicon,0.01,100.0,insured,1577.0,622.1,19.75,1.15,0.0,1034.0,543.0,0.00075,2.9
enterprise,high_4090,case4_new_silicon,0.01,100.0,uninsured,1577.0,622.1,19.75,1.15,2.55,1032.6,544.4,0.00075,2.9
enterprise,top_5090,case1_sameOS,1e-05,0.0,insured,2006.0,773.1,8.5,1.28,0.0,1223.1,782.9,0.00085,2.56
enterprise,top_5090,case1_sameOS,1e-05,0.0,uninsured,2006.0,773.1,8.5,1.28,4.83,1219.5,786.5,0.00086,2.55
enterprise,top_5090,case1_sameOS,1e-05,100.0,insured,2006.0,773.1,8.5,1.28,0.0,1323.1,682.9,0.00074,2.94
enterprise,top_5090,case1_sameOS,1e-05,100.0,uninsured,2006.0,773.1,8.5,1.28,4.83,1319.5,686.5,0.00075,2.92
enterprise,top_5090,case1_sameOS,0.001,0.0,insured,2006.0,773.1,8.5,127.69,0.0,1096.7,909.3,0.00099,2.21
enterprise,top_5090,case1_sameOS,0.001,0.0,uninsured,2006.0,773.1,8.5,127.69,285.0,939.4,1066.6,0.00116,1.88
enterprise,top_5090,case1_sameOS,0.001,100.0,insured,2006.0,773.1,8.5,127.69,0.0,1196.7,809.3,0.00088,2.48
enterprise,top_5090,case1_sameOS,0.001,100.0,uninsured,2006.0,773.1,8.5,127.69,285.0,1039.4,966.6,0.00105,2.07
enterprise,top_5090,case1_sameOS,0.01,0.0,insured,2006.0,773.1,8.5,1276.92,0.0,-52.5,2058.5,0.00224,0.97
enterprise,top_5090,case1_sameOS,0.01,0.0,uninsured,2006.0,773.1,8.5,1276.92,2832.0,-1607.6,3613.6,0.00393,0.55
enterprise,top_5090,case1_sameOS,0.01,100.0,insured,2006.0,773.1,8.5,1276.92,0.0,47.5,1958.5,0.00213,1.02
enterprise,top_5090,case1_sameOS,0.01,100.0,uninsured,2006.0,773.1,8.5,1276.92,2832.0,-1507.6,3513.6,0.00382,0.57
enterprise,top_5090,case2_vm_nic,1e-05,0.0,insured,2006.0,773.1,57.75,0.01,0.0,1175.1,830.9,0.0009,2.41
enterprise,top_5090,case2_vm_nic,1e-05,0.0,uninsured,2006.0,773.1,57.75,0.01,0.05,1175.1,830.9,0.0009,2.41
enterprise,top_5090,case2_vm_nic,1e-05,100.0,insured,2006.0,773.1,57.75,0.01,0.0,1275.1,730.9,0.00079,2.74
enterprise,top_5090,case2_vm_nic,1e-05,100.0,uninsured,2006.0,773.1,57.75,0.01,0.05,1275.1,730.9,0.00079,2.74
enterprise,top_5090,case2_vm_nic,0.001,0.0,insured,2006.0,773.1,57.75,1.28,0.0,1173.9,832.1,0.0009,2.41
enterprise,top_5090,case2_vm_nic,0.001,0.0,uninsured,2006.0,773.1,57.75,1.28,2.85,1172.3,833.7,0.00091,2.41
enterprise,top_5090,case2_vm_nic,0.001,100.0,insured,2006.0,773.1,57.75,1.28,0.0,1273.9,732.1,0.0008,2.74
enterprise,top_5090,case2_vm_nic,0.001,100.0,uninsured,2006.0,773.1,57.75,1.28,2.85,1272.3,733.7,0.0008,2.73
enterprise,top_5090,case2_vm_nic,0.01,0.0,insured,2006.0,773.1,57.75,12.77,0.0,1162.4,843.6,0.00092,2.38
enterprise,top_5090,case2_vm_nic,0.01,0.0,uninsured,2006.0,773.1,57.75,12.77,28.32,1146.8,859.2,0.00093,2.33
enterprise,top_5090,case2_vm_nic,0.01,100.0,insured,2006.0,773.1,57.75,12.77,0.0,1262.4,743.6,0.00081,2.7
enterprise,top_5090,case2_vm_nic,0.01,100.0,uninsured,2006.0,773.1,57.75,12.77,28.32,1246.8,759.2,0.00083,2.64
enterprise,top_5090,case3_hw_partition,1e-05,0.0,insured,2006.0,773.1,17.95,0.0,0.0,1214.9,791.1,0.00086,2.53
enterprise,top_5090,case3_hw_partition,1e-05,0.0,uninsured,2006.0,773.1,17.95,0.0,0.0,1214.9,791.1,0.00086,2.53
enterprise,top_5090,case3_hw_partition,1e-05,100.0,insured,2006.0,773.1,17.95,0.0,0.0,1314.9,691.1,0.00075,2.9
enterprise,top_5090,case3_hw_partition,1e-05,100.0,uninsured,2006.0,773.1,17.95,0.0,0.0,1314.9,691.1,0.00075,2.9
enterprise,top_5090,case3_hw_partition,0.001,0.0,insured,2006.0,773.1,17.95,0.11,0.0,1214.8,791.2,0.00086,2.53
enterprise,top_5090,case3_hw_partition,0.001,0.0,uninsured,2006.0,773.1,17.95,0.11,0.26,1214.7,791.3,0.00086,2.53
enterprise,top_5090,case3_hw_partition,0.001,100.0,insured,2006.0,773.1,17.95,0.11,0.0,1314.8,691.2,0.00075,2.9
enterprise,top_5090,case3_hw_partition,0.001,100.0,uninsured,2006.0,773.1,17.95,0.11,0.26,1314.7,691.3,0.00075,2.9
enterprise,top_5090,case3_hw_partition,0.01,0.0,insured,2006.0,773.1,17.95,1.15,0.0,1213.8,792.2,0.00086,2.53
enterprise,top_5090,case3_hw_partition,0.01,0.0,uninsured,2006.0,773.1,17.95,1.15,2.55,1212.4,793.6,0.00086,2.53
enterprise,top_5090,case3_hw_partition,0.01,100.0,insured,2006.0,773.1,17.95,1.15,0.0,1313.8,692.2,0.00075,2.9
enterprise,top_5090,case3_hw_partition,0.01,100.0,uninsured,2006.0,773.1,17.95,1.15,2.55,1312.4,693.6,0.00075,2.89
enterprise,top_5090,case4_new_silicon,1e-05,0.0,insured,2006.0,773.1,19.75,0.0,0.0,1213.1,792.9,0.00086,2.53
enterprise,top_5090,case4_new_silicon,1e-05,0.0,uninsured,2006.0,773.1,19.75,0.0,0.0,1213.1,792.9,0.00086,2.53
enterprise,top_5090,case4_new_silicon,1e-05,100.0,insured,2006.0,773.1,19.75,0.0,0.0,1313.1,692.9,0.00075,2.89
enterprise,top_5090,case4_new_silicon,1e-05,100.0,uninsured,2006.0,773.1,19.75,0.0,0.0,1313.1,692.9,0.00075,2.89
enterprise,top_5090,case4_new_silicon,0.001,0.0,insured,2006.0,773.1,19.75,0.11,0.0,1213.0,793.0,0.00086,2.53
enterprise,top_5090,case4_new_silicon,0.001,0.0,uninsured,2006.0,773.1,19.75,0.11,0.26,1212.9,793.1,0.00086,2.53
enterprise,top_5090,case4_new_silicon,0.001,100.0,insured,2006.0,773.1,19.75,0.11,0.0,1313.0,693.0,0.00075,2.89
enterprise,top_5090,case4_new_silicon,0.001,100.0,uninsured,2006.0,773.1,19.75,0.11,0.26,1312.9,693.1,0.00075,2.89
enterprise,top_5090,case4_new_silicon,0.01,0.0,insured,2006.0,773.1,19.75,1.15,0.0,1212.0,794.0,0.00086,2.53
enterprise,top_5090,case4_new_silicon,0.01,0.0,uninsured,2006.0,773.1,19.75,1.15,2.55,1210.6,795.4,0.00086,2.52
enterprise,top_5090,case4_new_silicon,0.01,100.0,insured,2006.0,773.1,19.75,1.15,0.0,1312.0,694.0,0.00075,2.89
enterprise,top_5090,case4_new_silicon,0.01,100.0,uninsured,2006.0,773.1,19.75,1.15,2.55,1310.6,695.4,0.00076,2.88
smb,iGPU_today,case1_sameOS,1e-05,0.0,insured,0.0,78.5,8.5,1.28,0.0,-88.3,88.3,0.02601,0.08
smb,iGPU_today,case1_sameOS,1e-05,0.0,uninsured,0.0,78.5,8.5,1.28,2.38,-89.4,89.4,0.02633,0.08
smb,iGPU_today,case1_sameOS,1e-05,100.0,insured,0.0,78.5,8.5,1.28,0.0,11.7,-11.7,-0.00345,
smb,iGPU_today,case1_sameOS,1e-05,100.0,uninsured,0.0,78.5,8.5,1.28,2.38,10.6,-10.6,-0.00312,
smb,iGPU_today,case1_sameOS,0.001,0.0,insured,0.0,78.5,8.5,127.69,0.0,-214.7,214.7,0.06324,0.03
smb,iGPU_today,case1_sameOS,0.001,0.0,uninsured,0.0,78.5,8.5,127.69,40.0,-127.0,127.0,0.03741,0.06
smb,iGPU_today,case1_sameOS,0.001,100.0,insured,0.0,78.5,8.5,127.69,0.0,-114.7,114.7,0.03378,0.06
smb,iGPU_today,case1_sameOS,0.001,100.0,uninsured,0.0,78.5,8.5,127.69,40.0,-27.0,27.0,0.00796,0.27
smb,iGPU_today,case1_sameOS,0.01,0.0,insured,0.0,78.5,8.5,1276.92,0.0,-1363.9,1363.9,0.40171,0.01
smb,iGPU_today,case1_sameOS,0.01,0.0,uninsured,0.0,78.5,8.5,1276.92,382.0,-469.0,469.0,0.13813,0.02
smb,iGPU_today,case1_sameOS,0.01,100.0,insured,0.0,78.5,8.5,1276.92,0.0,-1263.9,1263.9,0.37225,0.01
smb,iGPU_today,case1_sameOS,0.01,100.0,uninsured,0.0,78.5,8.5,1276.92,382.0,-369.0,369.0,0.10868,0.02
smb,iGPU_today,case2_vm_nic,1e-05,0.0,insured,0.0,78.5,57.75,0.01,0.0,-136.3,136.3,0.04014,0.05
smb,iGPU_today,case2_vm_nic,1e-05,0.0,uninsured,0.0,78.5,57.75,0.01,0.02,-136.3,136.3,0.04014,0.05
smb,iGPU_today,case2_vm_nic,1e-05,100.0,insured,0.0,78.5,57.75,0.01,0.0,-36.3,36.3,0.01069,0.2
smb,iGPU_today,case2_vm_nic,1e-05,100.0,uninsured,0.0,78.5,57.75,0.01,0.02,-36.3,36.3,0.01069,0.2
smb,iGPU_today,case2_vm_nic,0.001,0.0,insured,0.0,78.5,57.75,1.28,0.0,-137.5,137.5,0.04051,0.05
smb,iGPU_today,case2_vm_nic,0.001,0.0,uninsured,0.0,78.5,57.75,1.28,0.4,-136.7,136.7,0.04025,0.05
smb,iGPU_today,case2_vm_nic,0.001,100.0,insured,0.0,78.5,57.75,1.28,0.0,-37.5,37.5,0.01106,0.2
smb,iGPU_today,case2_vm_nic,0.001,100.0,uninsured,0.0,78.5,57.75,1.28,0.4,-36.7,36.7,0.0108,0.2
smb,iGPU_today,case2_vm_nic,0.01,0.0,insured,0.0,78.5,57.75,12.77,0.0,-149.0,149.0,0.04389,0.05
smb,iGPU_today,case2_vm_nic,0.01,0.0,uninsured,0.0,78.5,57.75,12.77,3.82,-140.1,140.1,0.04126,0.05
smb,iGPU_today,case2_vm_nic,0.01,100.0,insured,0.0,78.5,57.75,12.77,0.0,-49.0,49.0,0.01444,0.15
smb,iGPU_today,case2_vm_nic,0.01,100.0,uninsured,0.0,78.5,57.75,12.77,3.82,-40.1,40.1,0.01181,0.18
smb,iGPU_today,case3_hw_partition,1e-05,0.0,insured,0.0,78.5,17.95,0.0,0.0,-96.5,96.5,0.02841,0.08
smb,iGPU_today,case3_hw_partition,1e-05,0.0,uninsured,0.0,78.5,17.95,0.0,0.0,-96.5,96.5,0.02841,0.08
smb,iGPU_today,case3_hw_partition,1e-05,100.0,insured,0.0,78.5,17.95,0.0,0.0,3.5,-3.5,-0.00104,
smb,iGPU_today,case3_hw_partition,1e-05,100.0,uninsured,0.0,78.5,17.95,0.0,0.0,3.5,-3.5,-0.00104,
smb,iGPU_today,case3_hw_partition,0.001,0.0,insured,0.0,78.5,17.95,0.11,0.0,-96.6,96.6,0.02845,0.08
smb,iGPU_today,case3_hw_partition,0.001,0.0,uninsured,0.0,78.5,17.95,0.11,0.04,-96.5,96.5,0.02842,0.08
smb,iGPU_today,case3_hw_partition,0.001,100.0,insured,0.0,78.5,17.95,0.11,0.0,3.4,-3.4,-0.00101,
smb,iGPU_today,case3_hw_partition,0.001,100.0,uninsured,0.0,78.5,17.95,0.11,0.04,3.5,-3.5,-0.00103,
smb,iGPU_today,case3_hw_partition,0.01,0.0,insured,0.0,78.5,17.95,1.15,0.0,-97.6,97.6,0.02875,0.08
smb,iGPU_today,case3_hw_partition,0.01,0.0,uninsured,0.0,78.5,17.95,1.15,0.34,-96.8,96.8,0.02851,0.08
smb,iGPU_today,case3_hw_partition,0.01,100.0,insured,0.0,78.5,17.95,1.15,0.0,2.4,-2.4,-0.0007,
smb,iGPU_today,case3_hw_partition,0.01,100.0,uninsured,0.0,78.5,17.95,1.15,0.34,3.2,-3.2,-0.00094,
smb,iGPU_today,case4_new_silicon,1e-05,0.0,insured,0.0,78.5,19.75,0.0,0.0,-98.3,98.3,0.02894,0.08
smb,iGPU_today,case4_new_silicon,1e-05,0.0,uninsured,0.0,78.5,19.75,0.0,0.0,-98.3,98.3,0.02894,0.08
smb,iGPU_today,case4_new_silicon,1e-05,100.0,insured,0.0,78.5,19.75,0.0,0.0,1.7,-1.7,-0.00051,
smb,iGPU_today,case4_new_silicon,1e-05,100.0,uninsured,0.0,78.5,19.75,0.0,0.0,1.7,-1.7,-0.00051,
smb,iGPU_today,case4_new_silicon,0.001,0.0,insured,0.0,78.5,19.75,0.11,0.0,-98.4,98.4,0.02898,0.08
smb,iGPU_today,case4_new_silicon,0.001,0.0,uninsured,0.0,78.5,19.75,0.11,0.04,-98.3,98.3,0.02895,0.08
smb,iGPU_today,case4_new_silicon,0.001,100.0,insured,0.0,78.5,19.75,0.11,0.0,1.6,-1.6,-0.00048,
smb,iGPU_today,case4_new_silicon,0.001,100.0,uninsured,0.0,78.5,19.75,0.11,0.04,1.7,-1.7,-0.0005,
smb,iGPU_today,case4_new_silicon,0.01,0.0,insured,0.0,78.5,19.75,1.15,0.0,-99.4,99.4,0.02928,0.07
smb,iGPU_today,case4_new_silicon,0.01,0.0,uninsured,0.0,78.5,19.75,1.15,0.34,-98.6,98.6,0.02904,0.08
smb,iGPU_today,case4_new_silicon,0.01,100.0,insured,0.0,78.5,19.75,1.15,0.0,0.6,-0.6,-0.00017,
smb,iGPU_today,case4_new_silicon,0.01,100.0,uninsured,0.0,78.5,19.75,1.15,0.34,1.4,-1.4,-0.00041,
smb,iGPU_fungible_fp32,case1_sameOS,1e-05,0.0,insured,7.4,78.5,8.5,1.28,0.0,-80.9,88.3,0.02601,0.08
smb,iGPU_fungible_fp32,case1_sameOS,1e-05,0.0,uninsured,7.4,78.5,8.5,1.28,2.38,-82.0,89.4,0.02633,0.08
smb,iGPU_fungible_fp32,case1_sameOS,1e-05,100.0,insured,7.4,78.5,8.5,1.28,0.0,19.1,-11.7,-0.00345,
smb,iGPU_fungible_fp32,case1_sameOS,1e-05,100.0,uninsured,7.4,78.5,8.5,1.28,2.38,18.0,-10.6,-0.00312,
smb,iGPU_fungible_fp32,case1_sameOS,0.001,0.0,insured,7.4,78.5,8.5,127.69,0.0,-207.3,214.7,0.06324,0.03
smb,iGPU_fungible_fp32,case1_sameOS,0.001,0.0,uninsured,7.4,78.5,8.5,127.69,40.0,-119.6,127.0,0.03741,0.06
smb,iGPU_fungible_fp32,case1_sameOS,0.001,100.0,insured,7.4,78.5,8.5,127.69,0.0,-107.3,114.7,0.03378,0.06
smb,iGPU_fungible_fp32,case1_sameOS,0.001,100.0,uninsured,7.4,78.5,8.5,127.69,40.0,-19.6,27.0,0.00796,0.27
smb,iGPU_fungible_fp32,case1_sameOS,0.01,0.0,insured,7.4,78.5,8.5,1276.92,0.0,-1356.5,1363.9,0.40171,0.01
smb,iGPU_fungible_fp32,case1_sameOS,0.01,0.0,uninsured,7.4,78.5,8.5,1276.92,382.0,-461.6,469.0,0.13813,0.02
smb,iGPU_fungible_fp32,case1_sameOS,0.01,100.0,insured,7.4,78.5,8.5,1276.92,0.0,-1256.5,1263.9,0.37225,0.01
smb,iGPU_fungible_fp32,case1_sameOS,0.01,100.0,uninsured,7.4,78.5,8.5,1276.92,382.0,-361.6,369.0,0.10868,0.02
smb,iGPU_fungible_fp32,case2_vm_nic,1e-05,0.0,insured,7.4,78.5,57.75,0.01,0.0,-128.9,136.3,0.04014,0.05
smb,iGPU_fungible_fp32,case2_vm_nic,1e-05,0.0,uninsured,7.4,78.5,57.75,0.01,0.02,-128.9,136.3,0.04014,0.05
smb,iGPU_fungible_fp32,case2_vm_nic,1e-05,100.0,insured,7.4,78.5,57.75,0.01,0.0,-28.9,36.3,0.01069,0.2
smb,iGPU_fungible_fp32,case2_vm_nic,1e-05,100.0,uninsured,7.4,78.5,57.75,0.01,0.02,-28.9,36.3,0.01069,0.2
smb,iGPU_fungible_fp32,case2_vm_nic,0.001,0.0,insured,7.4,78.5,57.75,1.28,0.0,-130.1,137.5,0.04051,0.05
smb,iGPU_fungible_fp32,case2_vm_nic,0.001,0.0,uninsured,7.4,78.5,57.75,1.28,0.4,-129.3,136.7,0.04025,0.05
smb,iGPU_fungible_fp32,case2_vm_nic,0.001,100.0,insured,7.4,78.5,57.75,1.28,0.0,-30.1,37.5,0.01106,0.2
smb,iGPU_fungible_fp32,case2_vm_nic,0.001,100.0,uninsured,7.4,78.5,57.75,1.28,0.4,-29.3,36.7,0.0108,0.2
smb,iGPU_fungible_fp32,case2_vm_nic,0.01,0.0,insured,7.4,78.5,57.75,12.77,0.0,-141.6,149.0,0.04389,0.05
smb,iGPU_fungible_fp32,case2_vm_nic,0.01,0.0,uninsured,7.4,78.5,57.75,12.77,3.82,-132.7,140.1,0.04126,0.05
smb,iGPU_fungible_fp32,case2_vm_nic,0.01,100.0,insured,7.4,78.5,57.75,12.77,0.0,-41.6,49.0,0.01444,0.15
smb,iGPU_fungible_fp32,case2_vm_nic,0.01,100.0,uninsured,7.4,78.5,57.75,12.77,3.82,-32.7,40.1,0.01181,0.18
smb,iGPU_fungible_fp32,case3_hw_partition,1e-05,0.0,insured,7.4,78.5,17.95,0.0,0.0,-89.1,96.5,0.02841,0.08
smb,iGPU_fungible_fp32,case3_hw_partition,1e-05,0.0,uninsured,7.4,78.5,17.95,0.0,0.0,-89.1,96.5,0.02841,0.08
smb,iGPU_fungible_fp32,case3_hw_partition,1e-05,100.0,insured,7.4,78.5,17.95,0.0,0.0,10.9,-3.5,-0.00104,
smb,iGPU_fungible_fp32,case3_hw_partition,1e-05,100.0,uninsured,7.4,78.5,17.95,0.0,0.0,10.9,-3.5,-0.00104,
smb,iGPU_fungible_fp32,case3_hw_partition,0.001,0.0,insured,7.4,78.5,17.95,0.11,0.0,-89.2,96.6,0.02845,0.08
smb,iGPU_fungible_fp32,case3_hw_partition,0.001,0.0,uninsured,7.4,78.5,17.95,0.11,0.04,-89.1,96.5,0.02842,0.08
smb,iGPU_fungible_fp32,case3_hw_partition,0.001,100.0,insured,7.4,78.5,17.95,0.11,0.0,10.8,-3.4,-0.00101,
smb,iGPU_fungible_fp32,case3_hw_partition,0.001,100.0,uninsured,7.4,78.5,17.95,0.11,0.04,10.9,-3.5,-0.00103,
smb,iGPU_fungible_fp32,case3_hw_partition,0.01,0.0,insured,7.4,78.5,17.95,1.15,0.0,-90.2,97.6,0.02875,0.08
smb,iGPU_fungible_fp32,case3_hw_partition,0.01,0.0,uninsured,7.4,78.5,17.95,1.15,0.34,-89.4,96.8,0.02851,0.08
smb,iGPU_fungible_fp32,case3_hw_partition,0.01,100.0,insured,7.4,78.5,17.95,1.15,0.0,9.8,-2.4,-0.0007,
smb,iGPU_fungible_fp32,case3_hw_partition,0.01,100.0,uninsured,7.4,78.5,17.95,1.15,0.34,10.6,-3.2,-0.00094,
smb,iGPU_fungible_fp32,case4_new_silicon,1e-05,0.0,insured,7.4,78.5,19.75,0.0,0.0,-90.9,98.3,0.02894,0.08
smb,iGPU_fungible_fp32,case4_new_silicon,1e-05,0.0,uninsured,7.4,78.5,19.75,0.0,0.0,-90.9,98.3,0.02894,0.08
smb,iGPU_fungible_fp32,case4_new_silicon,1e-05,100.0,insured,7.4,78.5,19.75,0.0,0.0,9.1,-1.7,-0.00051,
smb,iGPU_fungible_fp32,case4_new_silicon,1e-05,100.0,uninsured,7.4,78.5,19.75,0.0,0.0,9.1,-1.7,-0.00051,
smb,iGPU_fungible_fp32,case4_new_silicon,0.001,0.0,insured,7.4,78.5,19.75,0.11,0.0,-91.0,98.4,0.02898,0.08
smb,iGPU_fungible_fp32,case4_new_silicon,0.001,0.0,uninsured,7.4,78.5,19.75,0.11,0.04,-90.9,98.3,0.02895,0.08
smb,iGPU_fungible_fp32,case4_new_silicon,0.001,100.0,insured,7.4,78.5,19.75,0.11,0.0,9.0,-1.6,-0.00048,
smb,iGPU_fungible_fp32,case4_new_silicon,0.001,100.0,uninsured,7.4,78.5,19.75,0.11,0.04,9.1,-1.7,-0.0005,
smb,iGPU_fungible_fp32,case4_new_silicon,0.01,0.0,insured,7.4,78.5,19.75,1.15,0.0,-92.0,99.4,0.02928,0.07
smb,iGPU_fungible_fp32,case4_new_silicon,0.01,0.0,uninsured,7.4,78.5,19.75,1.15,0.34,-91.2,98.6,0.02904,0.08
smb,iGPU_fungible_fp32,case4_new_silicon,0.01,100.0,insured,7.4,78.5,19.75,1.15,0.0,8.0,-0.6,-0.00017,
smb,iGPU_fungible_fp32,case4_new_silicon,0.01,100.0,uninsured,7.4,78.5,19.75,1.15,0.34,8.8,-1.4,-0.00041,
smb,entry_1660_2060,case1_sameOS,1e-05,0.0,insured,123.0,283.9,8.5,1.28,0.0,-170.7,293.7,0.00466,0.47
smb,entry_1660_2060,case1_sameOS,1e-05,0.0,uninsured,123.0,283.9,8.5,1.28,2.38,-171.8,294.8,0.00467,0.47
smb,entry_1660_2060,case1_sameOS,1e-05,100.0,insured,123.0,283.9,8.5,1.28,0.0,-70.7,193.7,0.00307,0.71
smb,entry_1660_2060,case1_sameOS,1e-05,100.0,uninsured,123.0,283.9,8.5,1.28,2.38,-71.8,194.8,0.00309,0.71
smb,entry_1660_2060,case1_sameOS,0.001,0.0,insured,123.0,283.9,8.5,127.69,0.0,-297.1,420.1,0.00666,0.33
smb,entry_1660_2060,case1_sameOS,0.001,0.0,uninsured,123.0,283.9,8.5,127.69,40.0,-209.4,332.4,0.00527,0.41
smb,entry_1660_2060,case1_sameOS,0.001,100.0,insured,123.0,283.9,8.5,127.69,0.0,-197.1,320.1,0.00507,0.43
smb,entry_1660_2060,case1_sameOS,0.001,100.0,uninsured,123.0,283.9,8.5,127.69,40.0,-109.4,232.4,0.00368,0.59
smb,entry_1660_2060,case1_sameOS,0.01,0.0,insured,123.0,283.9,8.5,1276.92,0.0,-1446.3,1569.3,0.02488,0.09
smb,entry_1660_2060,case1_sameOS,0.01,0.0,uninsured,123.0,283.9,8.5,1276.92,382.0,-551.4,674.4,0.01069,0.2
smb,entry_1660_2060,case1_sameOS,0.01,100.0,insured,123.0,283.9,8.5,1276.92,0.0,-1346.3,1469.3,0.0233,0.09
smb,entry_1660_2060,case1_sameOS,0.01,100.0,uninsured,123.0,283.9,8.5,1276.92,382.0,-451.4,574.4,0.00911,0.24
smb,entry_1660_2060,case2_vm_nic,1e-05,0.0,insured,123.0,283.9,57.75,0.01,0.0,-218.6,341.6,0.00542,0.4
smb,entry_1660_2060,case2_vm_nic,1e-05,0.0,uninsured,123.0,283.9,57.75,0.01,0.02,-218.7,341.7,0.00542,0.4
smb,entry_1660_2060,case2_vm_nic,1e-05,100.0,insured,123.0,283.9,57.75,0.01,0.0,-118.6,241.6,0.00383,0.57
smb,entry_1660_2060,case2_vm_nic,1e-05,100.0,uninsured,123.0,283.9,57.75,0.01,0.02,-118.7,241.7,0.00383,0.57
smb,entry_1660_2060,case2_vm_nic,0.001,0.0,insured,123.0,283.9,57.75,1.28,0.0,-219.9,342.9,0.00544,0.4
smb,entry_1660_2060,case2_vm_nic,0.001,0.0,uninsured,123.0,283.9,57.75,1.28,0.4,-219.0,342.0,0.00542,0.4
smb,entry_1660_2060,case2_vm_nic,0.001,100.0,insured,123.0,283.9,57.75,1.28,0.0,-119.9,242.9,0.00385,0.57
smb,entry_1660_2060,case2_vm_nic,0.001,100.0,uninsured,123.0,283.9,57.75,1.28,0.4,-119.0,242.0,0.00384,0.57
smb,entry_1660_2060,case2_vm_nic,0.01,0.0,insured,123.0,283.9,57.75,12.77,0.0,-231.4,354.4,0.00562,0.39
smb,entry_1660_2060,case2_vm_nic,0.01,0.0,uninsured,123.0,283.9,57.75,12.77,3.82,-222.5,345.5,0.00548,0.4
smb,entry_1660_2060,case2_vm_nic,0.01,100.0,insured,123.0,283.9,57.75,12.77,0.0,-131.4,254.4,0.00403,0.54
smb,entry_1660_2060,case2_vm_nic,0.01,100.0,uninsured,123.0,283.9,57.75,12.77,3.82,-122.5,245.5,0.00389,0.56
smb,entry_1660_2060,case3_hw_partition,1e-05,0.0,insured,123.0,283.9,17.95,0.0,0.0,-178.8,301.8,0.00479,0.46
smb,entry_1660_2060,case3_hw_partition,1e-05,0.0,uninsured,123.0,283.9,17.95,0.0,0.0,-178.8,301.8,0.00479,0.46
smb,entry_1660_2060,case3_hw_partition,1e-05,100.0,insured,123.0,283.9,17.95,0.0,0.0,-78.8,201.8,0.0032,0.68
smb,entry_1660_2060,case3_hw_partition,1e-05,100.0,uninsured,123.0,283.9,17.95,0.0,0.0,-78.8,201.8,0.0032,0.68
smb,entry_1660_2060,case3_hw_partition,0.001,0.0,insured,123.0,283.9,17.95,0.11,0.0,-178.9,301.9,0.00479,0.46
smb,entry_1660_2060,case3_hw_partition,0.001,0.0,uninsured,123.0,283.9,17.95,0.11,0.04,-178.9,301.9,0.00479,0.46
smb,entry_1660_2060,case3_hw_partition,0.001,100.0,insured,123.0,283.9,17.95,0.11,0.0,-78.9,201.9,0.0032,0.68
smb,entry_1660_2060,case3_hw_partition,0.001,100.0,uninsured,123.0,283.9,17.95,0.11,0.04,-78.9,201.9,0.0032,0.68
smb,entry_1660_2060,case3_hw_partition,0.01,0.0,insured,123.0,283.9,17.95,1.15,0.0,-180.0,303.0,0.0048,0.45
smb,entry_1660_2060,case3_hw_partition,0.01,0.0,uninsured,123.0,283.9,17.95,1.15,0.34,-179.2,302.2,0.00479,0.46
smb,entry_1660_2060,case3_hw_partition,0.01,100.0,insured,123.0,283.9,17.95,1.15,0.0,-80.0,203.0,0.00322,0.68
smb,entry_1660_2060,case3_hw_partition,0.01,100.0,uninsured,123.0,283.9,17.95,1.15,0.34,-79.2,202.2,0.00321,0.68
smb,entry_1660_2060,case4_new_silicon,1e-05,0.0,insured,123.0,283.9,19.75,0.0,0.0,-180.6,303.6,0.00481,0.45
smb,entry_1660_2060,case4_new_silicon,1e-05,0.0,uninsured,123.0,283.9,19.75,0.0,0.0,-180.6,303.6,0.00481,0.45
smb,entry_1660_2060,case4_new_silicon,1e-05,100.0,insured,123.0,283.9,19.75,0.0,0.0,-80.6,203.6,0.00323,0.68
smb,entry_1660_2060,case4_new_silicon,1e-05,100.0,uninsured,123.0,283.9,19.75,0.0,0.0,-80.6,203.6,0.00323,0.68
smb,entry_1660_2060,case4_new_silicon,0.001,0.0,insured,123.0,283.9,19.75,0.11,0.0,-180.7,303.7,0.00482,0.45
smb,entry_1660_2060,case4_new_silicon,0.001,0.0,uninsured,123.0,283.9,19.75,0.11,0.04,-180.7,303.7,0.00481,0.45
smb,entry_1660_2060,case4_new_silicon,0.001,100.0,insured,123.0,283.9,19.75,0.11,0.0,-80.7,203.7,0.00323,0.67
smb,entry_1660_2060,case4_new_silicon,0.001,100.0,uninsured,123.0,283.9,19.75,0.11,0.04,-80.7,203.7,0.00323,0.68
smb,entry_1660_2060,case4_new_silicon,0.01,0.0,insured,123.0,283.9,19.75,1.15,0.0,-181.8,304.8,0.00483,0.45
smb,entry_1660_2060,case4_new_silicon,0.01,0.0,uninsured,123.0,283.9,19.75,1.15,0.34,-181.0,304.0,0.00482,0.45
smb,entry_1660_2060,case4_new_silicon,0.01,100.0,insured,123.0,283.9,19.75,1.15,0.0,-81.8,204.8,0.00325,0.67
smb,entry_1660_2060,case4_new_silicon,0.01,100.0,uninsured,123.0,283.9,19.75,1.15,0.34,-81.0,204.0,0.00323,0.67
smb,mid_3090,case1_sameOS,1e-05,0.0,insured,596.0,501.3,8.5,1.28,0.0,84.9,511.1,0.00164,1.33
smb,mid_3090,case1_sameOS,1e-05,0.0,uninsured,596.0,501.3,8.5,1.28,2.38,83.8,512.2,0.00164,1.33
smb,mid_3090,case1_sameOS,1e-05,100.0,insured,596.0,501.3,8.5,1.28,0.0,184.9,411.1,0.00132,1.65
smb,mid_3090,case1_sameOS,1e-05,100.0,uninsured,596.0,501.3,8.5,1.28,2.38,183.8,412.2,0.00132,1.65
smb,mid_3090,case1_sameOS,0.001,0.0,insured,596.0,501.3,8.5,127.69,0.0,-41.5,637.5,0.00204,1.07
smb,mid_3090,case1_sameOS,0.001,0.0,uninsured,596.0,501.3,8.5,127.69,40.0,46.2,549.8,0.00176,1.24
smb,mid_3090,case1_sameOS,0.001,100.0,insured,596.0,501.3,8.5,127.69,0.0,58.5,537.5,0.00172,1.26
smb,mid_3090,case1_sameOS,0.001,100.0,uninsured,596.0,501.3,8.5,127.69,40.0,146.2,449.8,0.00144,1.51
smb,mid_3090,case1_sameOS,0.01,0.0,insured,596.0,501.3,8.5,1276.92,0.0,-1190.7,1786.7,0.00573,0.38
smb,mid_3090,case1_sameOS,0.01,0.0,uninsured,596.0,501.3,8.5,1276.92,382.0,-295.8,891.8,0.00286,0.76
smb,mid_3090,case1_sameOS,0.01,100.0,insured,596.0,501.3,8.5,1276.92,0.0,-1090.7,1686.7,0.00541,0.4
smb,mid_3090,case1_sameOS,0.01,100.0,uninsured,596.0,501.3,8.5,1276.92,382.0,-195.8,791.8,0.00254,0.86
smb,mid_3090,case2_vm_nic,1e-05,0.0,insured,596.0,501.3,57.75,0.01,0.0,36.9,559.1,0.00179,1.22
smb,mid_3090,case2_vm_nic,1e-05,0.0,uninsured,596.0,501.3,57.75,0.01,0.02,36.9,559.1,0.00179,1.22
smb,mid_3090,case2_vm_nic,1e-05,100.0,insured,596.0,501.3,57.75,0.01,0.0,136.9,459.1,0.00147,1.48
smb,mid_3090,case2_vm_nic,1e-05,100.0,uninsured,596.0,501.3,57.75,0.01,0.02,136.9,459.1,0.00147,1.48
smb,mid_3090,case2_vm_nic,0.001,0.0,insured,596.0,501.3,57.75,1.28,0.0,35.7,560.3,0.0018,1.21
smb,mid_3090,case2_vm_nic,0.001,0.0,uninsured,596.0,501.3,57.75,1.28,0.4,36.5,559.5,0.00179,1.22
smb,mid_3090,case2_vm_nic,0.001,100.0,insured,596.0,501.3,57.75,1.28,0.0,135.7,460.3,0.00148,1.48
smb,mid_3090,case2_vm_nic,0.001,100.0,uninsured,596.0,501.3,57.75,1.28,0.4,136.5,459.5,0.00147,1.48
smb,mid_3090,case2_vm_nic,0.01,0.0,insured,596.0,501.3,57.75,12.77,0.0,24.2,571.8,0.00183,1.19
smb,mid_3090,case2_vm_nic,0.01,0.0,uninsured,596.0,501.3,57.75,12.77,3.82,33.1,562.9,0.0018,1.21
smb,mid_3090,case2_vm_nic,0.01,100.0,insured,596.0,501.3,57.75,12.77,0.0,124.2,471.8,0.00151,1.44
smb,mid_3090,case2_vm_nic,0.01,100.0,uninsured,596.0,501.3,57.75,12.77,3.82,133.1,462.9,0.00148,1.47
smb,mid_3090,case3_hw_partition,1e-05,0.0,insured,596.0,501.3,17.95,0.0,0.0,76.7,519.3,0.00167,1.31
smb,mid_3090,case3_hw_partition,1e-05,0.0,uninsured,596.0,501.3,17.95,0.0,0.0,76.7,519.3,0.00167,1.31
smb,mid_3090,case3_hw_partition,1e-05,100.0,insured,596.0,501.3,17.95,0.0,0.0,176.7,419.3,0.00134,1.62
smb,mid_3090,case3_hw_partition,1e-05,100.0,uninsured,596.0,501.3,17.95,0.0,0.0,176.7,419.3,0.00134,1.62
smb,mid_3090,case3_hw_partition,0.001,0.0,insured,596.0,501.3,17.95,0.11,0.0,76.6,519.4,0.00167,1.31
smb,mid_3090,case3_hw_partition,0.001,0.0,uninsured,596.0,501.3,17.95,0.11,0.04,76.7,519.3,0.00167,1.31
smb,mid_3090,case3_hw_partition,0.001,100.0,insured,596.0,501.3,17.95,0.11,0.0,176.6,419.4,0.00134,1.62
smb,mid_3090,case3_hw_partition,0.001,100.0,uninsured,596.0,501.3,17.95,0.11,0.04,176.7,419.3,0.00134,1.62
smb,mid_3090,case3_hw_partition,0.01,0.0,insured,596.0,501.3,17.95,1.15,0.0,75.6,520.4,0.00167,1.31
smb,mid_3090,case3_hw_partition,0.01,0.0,uninsured,596.0,501.3,17.95,1.15,0.34,76.4,519.6,0.00167,1.31
smb,mid_3090,case3_hw_partition,0.01,100.0,insured,596.0,501.3,17.95,1.15,0.0,175.6,420.4,0.00135,1.62
smb,mid_3090,case3_hw_partition,0.01,100.0,uninsured,596.0,501.3,17.95,1.15,0.34,176.4,419.6,0.00135,1.62
smb,mid_3090,case4_new_silicon,1e-05,0.0,insured,596.0,501.3,19.75,0.0,0.0,74.9,521.1,0.00167,1.3
smb,mid_3090,case4_new_silicon,1e-05,0.0,uninsured,596.0,501.3,19.75,0.0,0.0,74.9,521.1,0.00167,1.3
smb,mid_3090,case4_new_silicon,1e-05,100.0,insured,596.0,501.3,19.75,0.0,0.0,174.9,421.1,0.00135,1.61
smb,mid_3090,case4_new_silicon,1e-05,100.0,uninsured,596.0,501.3,19.75,0.0,0.0,174.9,421.1,0.00135,1.61
smb,mid_3090,case4_new_silicon,0.001,0.0,insured,596.0,501.3,19.75,0.11,0.0,74.8,521.2,0.00167,1.3
smb,mid_3090,case4_new_silicon,0.001,0.0,uninsured,596.0,501.3,19.75,0.11,0.04,74.9,521.1,0.00167,1.3
smb,mid_3090,case4_new_silicon,0.001,100.0,insured,596.0,501.3,19.75,0.11,0.0,174.8,421.2,0.00135,1.61
smb,mid_3090,case4_new_silicon,0.001,100.0,uninsured,596.0,501.3,19.75,0.11,0.04,174.9,421.1,0.00135,1.61
smb,mid_3090,case4_new_silicon,0.01,0.0,insured,596.0,501.3,19.75,1.15,0.0,73.8,522.2,0.00167,1.3
smb,mid_3090,case4_new_silicon,0.01,0.0,uninsured,596.0,501.3,19.75,1.15,0.34,74.6,521.4,0.00167,1.3
smb,mid_3090,case4_new_silicon,0.01,100.0,insured,596.0,501.3,19.75,1.15,0.0,173.8,422.2,0.00135,1.61
smb,mid_3090,case4_new_silicon,0.01,100.0,uninsured,596.0,501.3,19.75,1.15,0.34,174.6,421.4,0.00135,1.61
smb,high_4090,case1_sameOS,1e-05,0.0,insured,1577.0,622.1,8.5,1.28,0.0,945.1,631.9,0.00087,2.5
smb,high_4090,case1_sameOS,1e-05,0.0,uninsured,1577.0,622.1,8.5,1.28,2.38,944.0,633.0,0.00087,2.49
smb,high_4090,case1_sameOS,1e-05,100.0,insured,1577.0,622.1,8.5,1.28,0.0,1045.1,531.9,0.00074,2.97
smb,high_4090,case1_sameOS,1e-05,100.0,uninsured,1577.0,622.1,8.5,1.28,2.38,1044.0,533.0,0.00074,2.96
smb,high_4090,case1_sameOS,0.001,0.0,insured,1577.0,622.1,8.5,127.69,0.0,818.7,758.3,0.00105,2.08
smb,high_4090,case1_sameOS,0.001,0.0,uninsured,1577.0,622.1,8.5,127.69,40.0,906.4,670.6,0.00093,2.35
smb,high_4090,case1_sameOS,0.001,100.0,insured,1577.0,622.1,8.5,127.69,0.0,918.7,658.3,0.00091,2.4
smb,high_4090,case1_sameOS,0.001,100.0,uninsured,1577.0,622.1,8.5,127.69,40.0,1006.4,570.6,0.00079,2.76
smb,high_4090,case1_sameOS,0.01,0.0,insured,1577.0,622.1,8.5,1276.92,0.0,-330.5,1907.5,0.00264,0.83
smb,high_4090,case1_sameOS,0.01,0.0,uninsured,1577.0,622.1,8.5,1276.92,382.0,564.4,1012.6,0.0014,1.56
smb,high_4090,case1_sameOS,0.01,100.0,insured,1577.0,622.1,8.5,1276.92,0.0,-230.5,1807.5,0.0025,0.87
smb,high_4090,case1_sameOS,0.01,100.0,uninsured,1577.0,622.1,8.5,1276.92,382.0,664.4,912.6,0.00126,1.73
smb,high_4090,case2_vm_nic,1e-05,0.0,insured,1577.0,622.1,57.75,0.01,0.0,897.1,679.9,0.00094,2.32
smb,high_4090,case2_vm_nic,1e-05,0.0,uninsured,1577.0,622.1,57.75,0.01,0.02,897.1,679.9,0.00094,2.32
smb,high_4090,case2_vm_nic,1e-05,100.0,insured,1577.0,622.1,57.75,0.01,0.0,997.1,579.9,0.0008,2.72
smb,high_4090,case2_vm_nic,1e-05,100.0,uninsured,1577.0,622.1,57.75,0.01,0.02,997.1,579.9,0.0008,2.72
smb,high_4090,case2_vm_nic,0.001,0.0,insured,1577.0,622.1,57.75,1.28,0.0,895.9,681.1,0.00094,2.32
smb,high_4090,case2_vm_nic,0.001,0.0,uninsured,1577.0,622.1,57.75,1.28,0.4,896.7,680.3,0.00094,2.32
smb,high_4090,case2_vm_nic,0.001,100.0,insured,1577.0,622.1,57.75,1.28,0.0,995.9,581.1,0.0008,2.71
smb,high_4090,case2_vm_nic,0.001,100.0,uninsured,1577.0,622.1,57.75,1.28,0.4,996.7,580.3,0.0008,2.72
smb,high_4090,case2_vm_nic,0.01,0.0,insured,1577.0,622.1,57.75,12.77,0.0,884.4,692.6,0.00096,2.28
smb,high_4090,case2_vm_nic,0.01,0.0,uninsured,1577.0,622.1,57.75,12.77,3.82,893.3,683.7,0.00094,2.31
smb,high_4090,case2_vm_nic,0.01,100.0,insured,1577.0,622.1,57.75,12.77,0.0,984.4,592.6,0.00082,2.66
smb,high_4090,case2_vm_nic,0.01,100.0,uninsured,1577.0,622.1,57.75,12.77,3.82,993.3,583.7,0.00081,2.7
smb,high_4090,case3_hw_partition,1e-05,0.0,insured,1577.0,622.1,17.95,0.0,0.0,936.9,640.1,0.00088,2.46
smb,high_4090,case3_hw_partition,1e-05,0.0,uninsured,1577.0,622.1,17.95,0.0,0.0,936.9,640.1,0.00088,2.46
smb,high_4090,case3_hw_partition,1e-05,100.0,insured,1577.0,622.1,17.95,0.0,0.0,1036.9,540.1,0.00075,2.92
smb,high_4090,case3_hw_partition,1e-05,100.0,uninsured,1577.0,622.1,17.95,0.0,0.0,1036.9,540.1,0.00075,2.92
smb,high_4090,case3_hw_partition,0.001,0.0,insured,1577.0,622.1,17.95,0.11,0.0,936.8,640.2,0.00088,2.46
smb,high_4090,case3_hw_partition,0.001,0.0,uninsured,1577.0,622.1,17.95,0.11,0.04,936.9,640.1,0.00088,2.46
smb,high_4090,case3_hw_partition,0.001,100.0,insured,1577.0,622.1,17.95,0.11,0.0,1036.8,540.2,0.00075,2.92
smb,high_4090,case3_hw_partition,0.001,100.0,uninsured,1577.0,622.1,17.95,0.11,0.04,1036.9,540.1,0.00075,2.92
smb,high_4090,case3_hw_partition,0.01,0.0,insured,1577.0,622.1,17.95,1.15,0.0,935.8,641.2,0.00089,2.46
smb,high_4090,case3_hw_partition,0.01,0.0,uninsured,1577.0,622.1,17.95,1.15,0.34,936.6,640.4,0.00089,2.46
smb,high_4090,case3_hw_partition,0.01,100.0,insured,1577.0,622.1,17.95,1.15,0.0,1035.8,541.2,0.00075,2.91
smb,high_4090,case3_hw_partition,0.01,100.0,uninsured,1577.0,622.1,17.95,1.15,0.34,1036.6,540.4,0.00075,2.92
smb,high_4090,case4_new_silicon,1e-05,0.0,insured,1577.0,622.1,19.75,0.0,0.0,935.1,641.9,0.00089,2.46
smb,high_4090,case4_new_silicon,1e-05,0.0,uninsured,1577.0,622.1,19.75,0.0,0.0,935.1,641.9,0.00089,2.46
smb,high_4090,case4_new_silicon,1e-05,100.0,insured,1577.0,622.1,19.75,0.0,0.0,1035.1,541.9,0.00075,2.91
smb,high_4090,case4_new_silicon,1e-05,100.0,uninsured,1577.0,622.1,19.75,0.0,0.0,1035.1,541.9,0.00075,2.91
smb,high_4090,case4_new_silicon,0.001,0.0,insured,1577.0,622.1,19.75,0.11,0.0,935.0,642.0,0.00089,2.46
smb,high_4090,case4_new_silicon,0.001,0.0,uninsured,1577.0,622.1,19.75,0.11,0.04,935.1,641.9,0.00089,2.46
smb,high_4090,case4_new_silicon,0.001,100.0,insured,1577.0,622.1,19.75,0.11,0.0,1035.0,542.0,0.00075,2.91
smb,high_4090,case4_new_silicon,0.001,100.0,uninsured,1577.0,622.1,19.75,0.11,0.04,1035.1,541.9,0.00075,2.91
smb,high_4090,case4_new_silicon,0.01,0.0,insured,1577.0,622.1,19.75,1.15,0.0,934.0,643.0,0.00089,2.45
smb,high_4090,case4_new_silicon,0.01,0.0,uninsured,1577.0,622.1,19.75,1.15,0.34,934.8,642.2,0.00089,2.46
smb,high_4090,case4_new_silicon,0.01,100.0,insured,1577.0,622.1,19.75,1.15,0.0,1034.0,543.0,0.00075,2.9
smb,high_4090,case4_new_silicon,0.01,100.0,uninsured,1577.0,622.1,19.75,1.15,0.34,1034.8,542.2,0.00075,2.91
smb,top_5090,case1_sameOS,1e-05,0.0,insured,2006.0,773.1,8.5,1.28,0.0,1223.1,782.9,0.00085,2.56
smb,top_5090,case1_sameOS,1e-05,0.0,uninsured,2006.0,773.1,8.5,1.28,2.38,1222.0,784.0,0.00085,2.56
smb,top_5090,case1_sameOS,1e-05,100.0,insured,2006.0,773.1,8.5,1.28,0.0,1323.1,682.9,0.00074,2.94
smb,top_5090,case1_sameOS,1e-05,100.0,uninsured,2006.0,773.1,8.5,1.28,2.38,1322.0,684.0,0.00074,2.93
smb,top_5090,case1_sameOS,0.001,0.0,insured,2006.0,773.1,8.5,127.69,0.0,1096.7,909.3,0.00099,2.21
smb,top_5090,case1_sameOS,0.001,0.0,uninsured,2006.0,773.1,8.5,127.69,40.0,1184.4,821.6,0.00089,2.44
smb,top_5090,case1_sameOS,0.001,100.0,insured,2006.0,773.1,8.5,127.69,0.0,1196.7,809.3,0.00088,2.48
smb,top_5090,case1_sameOS,0.001,100.0,uninsured,2006.0,773.1,8.5,127.69,40.0,1284.4,721.6,0.00078,2.78
smb,top_5090,case1_sameOS,0.01,0.0,insured,2006.0,773.1,8.5,1276.92,0.0,-52.5,2058.5,0.00224,0.97
smb,top_5090,case1_sameOS,0.01,0.0,uninsured,2006.0,773.1,8.5,1276.92,382.0,842.4,1163.6,0.00127,1.72
smb,top_5090,case1_sameOS,0.01,100.0,insured,2006.0,773.1,8.5,1276.92,0.0,47.5,1958.5,0.00213,1.02
smb,top_5090,case1_sameOS,0.01,100.0,uninsured,2006.0,773.1,8.5,1276.92,382.0,942.4,1063.6,0.00116,1.89
smb,top_5090,case2_vm_nic,1e-05,0.0,insured,2006.0,773.1,57.75,0.01,0.0,1175.1,830.9,0.0009,2.41
smb,top_5090,case2_vm_nic,1e-05,0.0,uninsured,2006.0,773.1,57.75,0.01,0.02,1175.1,830.9,0.0009,2.41
smb,top_5090,case2_vm_nic,1e-05,100.0,insured,2006.0,773.1,57.75,0.01,0.0,1275.1,730.9,0.00079,2.74
smb,top_5090,case2_vm_nic,1e-05,100.0,uninsured,2006.0,773.1,57.75,0.01,0.02,1275.1,730.9,0.00079,2.74
smb,top_5090,case2_vm_nic,0.001,0.0,insured,2006.0,773.1,57.75,1.28,0.0,1173.9,832.1,0.0009,2.41
smb,top_5090,case2_vm_nic,0.001,0.0,uninsured,2006.0,773.1,57.75,1.28,0.4,1174.7,831.3,0.0009,2.41
smb,top_5090,case2_vm_nic,0.001,100.0,insured,2006.0,773.1,57.75,1.28,0.0,1273.9,732.1,0.0008,2.74
smb,top_5090,case2_vm_nic,0.001,100.0,uninsured,2006.0,773.1,57.75,1.28,0.4,1274.7,731.3,0.0008,2.74
smb,top_5090,case2_vm_nic,0.01,0.0,insured,2006.0,773.1,57.75,12.77,0.0,1162.4,843.6,0.00092,2.38
smb,top_5090,case2_vm_nic,0.01,0.0,uninsured,2006.0,773.1,57.75,12.77,3.82,1171.3,834.7,0.00091,2.4
smb,top_5090,case2_vm_nic,0.01,100.0,insured,2006.0,773.1,57.75,12.77,0.0,1262.4,743.6,0.00081,2.7
smb,top_5090,case2_vm_nic,0.01,100.0,uninsured,2006.0,773.1,57.75,12.77,3.82,1271.3,734.7,0.0008,2.73
smb,top_5090,case3_hw_partition,1e-05,0.0,insured,2006.0,773.1,17.95,0.0,0.0,1214.9,791.1,0.00086,2.53
smb,top_5090,case3_hw_partition,1e-05,0.0,uninsured,2006.0,773.1,17.95,0.0,0.0,1214.9,791.1,0.00086,2.53
smb,top_5090,case3_hw_partition,1e-05,100.0,insured,2006.0,773.1,17.95,0.0,0.0,1314.9,691.1,0.00075,2.9
smb,top_5090,case3_hw_partition,1e-05,100.0,uninsured,2006.0,773.1,17.95,0.0,0.0,1314.9,691.1,0.00075,2.9
smb,top_5090,case3_hw_partition,0.001,0.0,insured,2006.0,773.1,17.95,0.11,0.0,1214.8,791.2,0.00086,2.53
smb,top_5090,case3_hw_partition,0.001,0.0,uninsured,2006.0,773.1,17.95,0.11,0.04,1214.9,791.1,0.00086,2.53
smb,top_5090,case3_hw_partition,0.001,100.0,insured,2006.0,773.1,17.95,0.11,0.0,1314.8,691.2,0.00075,2.9
smb,top_5090,case3_hw_partition,0.001,100.0,uninsured,2006.0,773.1,17.95,0.11,0.04,1314.9,691.1,0.00075,2.9
smb,top_5090,case3_hw_partition,0.01,0.0,insured,2006.0,773.1,17.95,1.15,0.0,1213.8,792.2,0.00086,2.53
smb,top_5090,case3_hw_partition,0.01,0.0,uninsured,2006.0,773.1,17.95,1.15,0.34,1214.6,791.4,0.00086,2.53
smb,top_5090,case3_hw_partition,0.01,100.0,insured,2006.0,773.1,17.95,1.15,0.0,1313.8,692.2,0.00075,2.9
smb,top_5090,case3_hw_partition,0.01,100.0,uninsured,2006.0,773.1,17.95,1.15,0.34,1314.6,691.4,0.00075,2.9
smb,top_5090,case4_new_silicon,1e-05,0.0,insured,2006.0,773.1,19.75,0.0,0.0,1213.1,792.9,0.00086,2.53
smb,top_5090,case4_new_silicon,1e-05,0.0,uninsured,2006.0,773.1,19.75,0.0,0.0,1213.1,792.9,0.00086,2.53
smb,top_5090,case4_new_silicon,1e-05,100.0,insured,2006.0,773.1,19.75,0.0,0.0,1313.1,692.9,0.00075,2.89
smb,top_5090,case4_new_silicon,1e-05,100.0,uninsured,2006.0,773.1,19.75,0.0,0.0,1313.1,692.9,0.00075,2.89
smb,top_5090,case4_new_silicon,0.001,0.0,insured,2006.0,773.1,19.75,0.11,0.0,1213.0,793.0,0.00086,2.53
smb,top_5090,case4_new_silicon,0.001,0.0,uninsured,2006.0,773.1,19.75,0.11,0.04,1213.1,792.9,0.00086,2.53
smb,top_5090,case4_new_silicon,0.001,100.0,insured,2006.0,773.1,19.75,0.11,0.0,1313.0,693.0,0.00075,2.89
smb,top_5090,case4_new_silicon,0.001,100.0,uninsured,2006.0,773.1,19.75,0.11,0.04,1313.1,692.9,0.00075,2.89
smb,top_5090,case4_new_silicon,0.01,0.0,insured,2006.0,773.1,19.75,1.15,0.0,1212.0,794.0,0.00086,2.53
smb,top_5090,case4_new_silicon,0.01,0.0,uninsured,2006.0,773.1,19.75,1.15,0.34,1212.8,793.2,0.00086,2.53
smb,top_5090,case4_new_silicon,0.01,100.0,insured,2006.0,773.1,19.75,1.15,0.0,1312.0,694.0,0.00075,2.89
smb,top_5090,case4_new_silicon,0.01,100.0,uninsured,2006.0,773.1,19.75,1.15,0.34,1312.8,693.2,0.00075,2.89
household,iGPU_today,case1_sameOS,1e-05,0.0,insured,0.0,103.1,8.5,1.28,0.0,-138.5,138.5,0.04079,0.05
household,iGPU_today,case1_sameOS,1e-05,0.0,uninsured,0.0,103.1,8.5,1.28,2.19,-139.4,139.4,0.04106,0.05
household,iGPU_today,case1_sameOS,1e-05,100.0,insured,0.0,103.1,8.5,1.28,0.0,-38.5,38.5,0.01134,0.19
household,iGPU_today,case1_sameOS,1e-05,100.0,uninsured,0.0,103.1,8.5,1.28,2.19,-39.4,39.4,0.01161,0.19
household,iGPU_today,case1_sameOS,0.001,0.0,insured,0.0,103.1,8.5,127.69,0.0,-264.9,264.9,0.07802,0.03
household,iGPU_today,case1_sameOS,0.001,0.0,uninsured,0.0,103.1,8.5,127.69,21.31,-158.5,158.5,0.04669,0.05
household,iGPU_today,case1_sameOS,0.001,100.0,insured,0.0,103.1,8.5,127.69,0.0,-164.9,164.9,0.04857,0.04
household,iGPU_today,case1_sameOS,0.001,100.0,uninsured,0.0,103.1,8.5,127.69,21.31,-58.5,58.5,0.01724,0.13
household,iGPU_today,case1_sameOS,0.01,0.0,insured,0.0,103.1,8.5,1276.92,0.0,-1414.1,1414.1,0.41649,0.01
household,iGPU_today,case1_sameOS,0.01,0.0,uninsured,0.0,103.1,8.5,1276.92,195.13,-332.3,332.3,0.09788,0.02
household,iGPU_today,case1_sameOS,0.01,100.0,insured,0.0,103.1,8.5,1276.92,0.0,-1314.1,1314.1,0.38704,0.01
household,iGPU_today,case1_sameOS,0.01,100.0,uninsured,0.0,103.1,8.5,1276.92,195.13,-232.3,232.3,0.06843,0.03
household,iGPU_today,case2_vm_nic,1e-05,0.0,insured,0.0,103.1,57.75,0.01,0.0,-186.5,186.5,0.05492,0.04
household,iGPU_today,case2_vm_nic,1e-05,0.0,uninsured,0.0,103.1,57.75,0.01,0.02,-186.5,186.5,0.05492,0.04
household,iGPU_today,case2_vm_nic,1e-05,100.0,insured,0.0,103.1,57.75,0.01,0.0,-86.5,86.5,0.02547,0.09
household,iGPU_today,case2_vm_nic,1e-05,100.0,uninsured,0.0,103.1,57.75,0.01,0.02,-86.5,86.5,0.02547,0.09
household,iGPU_today,case2_vm_nic,0.001,0.0,insured,0.0,103.1,57.75,1.28,0.0,-187.7,187.7,0.05529,0.04
household,iGPU_today,case2_vm_nic,0.001,0.0,uninsured,0.0,103.1,57.75,1.28,0.21,-186.7,186.7,0.05498,0.04
household,iGPU_today,case2_vm_nic,0.001,100.0,insured,0.0,103.1,57.75,1.28,0.0,-87.7,87.7,0.02584,0.08
household,iGPU_today,case2_vm_nic,0.001,100.0,uninsured,0.0,103.1,57.75,1.28,0.21,-86.7,86.7,0.02553,0.09
household,iGPU_today,case2_vm_nic,0.01,0.0,insured,0.0,103.1,57.75,12.77,0.0,-199.2,199.2,0.05868,0.04
household,iGPU_today,case2_vm_nic,0.01,0.0,uninsured,0.0,103.1,57.75,12.77,1.95,-188.4,188.4,0.05549,0.04
household,iGPU_today,case2_vm_nic,0.01,100.0,insured,0.0,103.1,57.75,12.77,0.0,-99.2,99.2,0.02923,0.07
household,iGPU_today,case2_vm_nic,0.01,100.0,uninsured,0.0,103.1,57.75,12.77,1.95,-88.4,88.4,0.02604,0.08
household,iGPU_today,case3_hw_partition,1e-05,0.0,insured,0.0,103.1,17.95,0.0,0.0,-146.7,146.7,0.0432,0.05
household,iGPU_today,case3_hw_partition,1e-05,0.0,uninsured,0.0,103.1,17.95,0.0,0.0,-146.7,146.7,0.0432,0.05
household,iGPU_today,case3_hw_partition,1e-05,100.0,insured,0.0,103.1,17.95,0.0,0.0,-46.7,46.7,0.01375,0.16
household,iGPU_today,case3_hw_partition,1e-05,100.0,uninsured,0.0,103.1,17.95,0.0,0.0,-46.7,46.7,0.01375,0.16
household,iGPU_today,case3_hw_partition,0.001,0.0,insured,0.0,103.1,17.95,0.11,0.0,-146.8,146.8,0.04323,0.05
household,iGPU_today,case3_hw_partition,0.001,0.0,uninsured,0.0,103.1,17.95,0.11,0.02,-146.7,146.7,0.0432,0.05
household,iGPU_today,case3_hw_partition,0.001,100.0,insured,0.0,103.1,17.95,0.11,0.0,-46.8,46.8,0.01378,0.16
household,iGPU_today,case3_hw_partition,0.001,100.0,uninsured,0.0,103.1,17.95,0.11,0.02,-46.7,46.7,0.01375,0.16
household,iGPU_today,case3_hw_partition,0.01,0.0,insured,0.0,103.1,17.95,1.15,0.0,-147.8,147.8,0.04353,0.05
household,iGPU_today,case3_hw_partition,0.01,0.0,uninsured,0.0,103.1,17.95,1.15,0.18,-146.8,146.8,0.04325,0.05
household,iGPU_today,case3_hw_partition,0.01,100.0,insured,0.0,103.1,17.95,1.15,0.0,-47.8,47.8,0.01408,0.15
household,iGPU_today,case3_hw_partition,0.01,100.0,uninsured,0.0,103.1,17.95,1.15,0.18,-46.8,46.8,0.0138,0.16
household,iGPU_today,case4_new_silicon,1e-05,0.0,insured,0.0,103.1,19.75,0.0,0.0,-148.5,148.5,0.04373,0.05
household,iGPU_today,case4_new_silicon,1e-05,0.0,uninsured,0.0,103.1,19.75,0.0,0.0,-148.5,148.5,0.04373,0.05
household,iGPU_today,case4_new_silicon,1e-05,100.0,insured,0.0,103.1,19.75,0.0,0.0,-48.5,48.5,0.01428,0.15
household,iGPU_today,case4_new_silicon,1e-05,100.0,uninsured,0.0,103.1,19.75,0.0,0.0,-48.5,48.5,0.01428,0.15
household,iGPU_today,case4_new_silicon,0.001,0.0,insured,0.0,103.1,19.75,0.11,0.0,-148.6,148.6,0.04376,0.05
household,iGPU_today,case4_new_silicon,0.001,0.0,uninsured,0.0,103.1,19.75,0.11,0.02,-148.5,148.5,0.04373,0.05
household,iGPU_today,case4_new_silicon,0.001,100.0,insured,0.0,103.1,19.75,0.11,0.0,-48.6,48.6,0.01431,0.15
household,iGPU_today,case4_new_silicon,0.001,100.0,uninsured,0.0,103.1,19.75,0.11,0.02,-48.5,48.5,0.01428,0.15
household,iGPU_today,case4_new_silicon,0.01,0.0,insured,0.0,103.1,19.75,1.15,0.0,-149.6,149.6,0.04407,0.05
household,iGPU_today,case4_new_silicon,0.01,0.0,uninsured,0.0,103.1,19.75,1.15,0.18,-148.6,148.6,0.04378,0.05
household,iGPU_today,case4_new_silicon,0.01,100.0,insured,0.0,103.1,19.75,1.15,0.0,-49.6,49.6,0.01461,0.15
household,iGPU_today,case4_new_silicon,0.01,100.0,uninsured,0.0,103.1,19.75,1.15,0.18,-48.6,48.6,0.01433,0.15
household,iGPU_fungible_fp32,case1_sameOS,1e-05,0.0,insured,7.4,103.1,8.5,1.28,0.0,-131.1,138.5,0.04079,0.05
household,iGPU_fungible_fp32,case1_sameOS,1e-05,0.0,uninsured,7.4,103.1,8.5,1.28,2.19,-132.0,139.4,0.04106,0.05
household,iGPU_fungible_fp32,case1_sameOS,1e-05,100.0,insured,7.4,103.1,8.5,1.28,0.0,-31.1,38.5,0.01134,0.19
household,iGPU_fungible_fp32,case1_sameOS,1e-05,100.0,uninsured,7.4,103.1,8.5,1.28,2.19,-32.0,39.4,0.01161,0.19
household,iGPU_fungible_fp32,case1_sameOS,0.001,0.0,insured,7.4,103.1,8.5,127.69,0.0,-257.5,264.9,0.07802,0.03
household,iGPU_fungible_fp32,case1_sameOS,0.001,0.0,uninsured,7.4,103.1,8.5,127.69,21.31,-151.1,158.5,0.04669,0.05
household,iGPU_fungible_fp32,case1_sameOS,0.001,100.0,insured,7.4,103.1,8.5,127.69,0.0,-157.5,164.9,0.04857,0.04
household,iGPU_fungible_fp32,case1_sameOS,0.001,100.0,uninsured,7.4,103.1,8.5,127.69,21.31,-51.1,58.5,0.01724,0.13
household,iGPU_fungible_fp32,case1_sameOS,0.01,0.0,insured,7.4,103.1,8.5,1276.92,0.0,-1406.7,1414.1,0.41649,0.01
household,iGPU_fungible_fp32,case1_sameOS,0.01,0.0,uninsured,7.4,103.1,8.5,1276.92,195.13,-324.9,332.3,0.09788,0.02
household,iGPU_fungible_fp32,case1_sameOS,0.01,100.0,insured,7.4,103.1,8.5,1276.92,0.0,-1306.7,1314.1,0.38704,0.01
household,iGPU_fungible_fp32,case1_sameOS,0.01,100.0,uninsured,7.4,103.1,8.5,1276.92,195.13,-224.9,232.3,0.06843,0.03
household,iGPU_fungible_fp32,case2_vm_nic,1e-05,0.0,insured,7.4,103.1,57.75,0.01,0.0,-179.1,186.5,0.05492,0.04
household,iGPU_fungible_fp32,case2_vm_nic,1e-05,0.0,uninsured,7.4,103.1,57.75,0.01,0.02,-179.1,186.5,0.05492,0.04
household,iGPU_fungible_fp32,case2_vm_nic,1e-05,100.0,insured,7.4,103.1,57.75,0.01,0.0,-79.1,86.5,0.02547,0.09
household,iGPU_fungible_fp32,case2_vm_nic,1e-05,100.0,uninsured,7.4,103.1,57.75,0.01,0.02,-79.1,86.5,0.02547,0.09
household,iGPU_fungible_fp32,case2_vm_nic,0.001,0.0,insured,7.4,103.1,57.75,1.28,0.0,-180.3,187.7,0.05529,0.04
household,iGPU_fungible_fp32,case2_vm_nic,0.001,0.0,uninsured,7.4,103.1,57.75,1.28,0.21,-179.3,186.7,0.05498,0.04
household,iGPU_fungible_fp32,case2_vm_nic,0.001,100.0,insured,7.4,103.1,57.75,1.28,0.0,-80.3,87.7,0.02584,0.08
household,iGPU_fungible_fp32,case2_vm_nic,0.001,100.0,uninsured,7.4,103.1,57.75,1.28,0.21,-79.3,86.7,0.02553,0.09
household,iGPU_fungible_fp32,case2_vm_nic,0.01,0.0,insured,7.4,103.1,57.75,12.77,0.0,-191.8,199.2,0.05868,0.04
household,iGPU_fungible_fp32,case2_vm_nic,0.01,0.0,uninsured,7.4,103.1,57.75,12.77,1.95,-181.0,188.4,0.05549,0.04
household,iGPU_fungible_fp32,case2_vm_nic,0.01,100.0,insured,7.4,103.1,57.75,12.77,0.0,-91.8,99.2,0.02923,0.07
household,iGPU_fungible_fp32,case2_vm_nic,0.01,100.0,uninsured,7.4,103.1,57.75,12.77,1.95,-81.0,88.4,0.02604,0.08
household,iGPU_fungible_fp32,case3_hw_partition,1e-05,0.0,insured,7.4,103.1,17.95,0.0,0.0,-139.3,146.7,0.0432,0.05
household,iGPU_fungible_fp32,case3_hw_partition,1e-05,0.0,uninsured,7.4,103.1,17.95,0.0,0.0,-139.3,146.7,0.0432,0.05
household,iGPU_fungible_fp32,case3_hw_partition,1e-05,100.0,insured,7.4,103.1,17.95,0.0,0.0,-39.3,46.7,0.01375,0.16
household,iGPU_fungible_fp32,case3_hw_partition,1e-05,100.0,uninsured,7.4,103.1,17.95,0.0,0.0,-39.3,46.7,0.01375,0.16
household,iGPU_fungible_fp32,case3_hw_partition,0.001,0.0,insured,7.4,103.1,17.95,0.11,0.0,-139.4,146.8,0.04323,0.05
household,iGPU_fungible_fp32,case3_hw_partition,0.001,0.0,uninsured,7.4,103.1,17.95,0.11,0.02,-139.3,146.7,0.0432,0.05
household,iGPU_fungible_fp32,case3_hw_partition,0.001,100.0,insured,7.4,103.1,17.95,0.11,0.0,-39.4,46.8,0.01378,0.16
household,iGPU_fungible_fp32,case3_hw_partition,0.001,100.0,uninsured,7.4,103.1,17.95,0.11,0.02,-39.3,46.7,0.01375,0.16
household,iGPU_fungible_fp32,case3_hw_partition,0.01,0.0,insured,7.4,103.1,17.95,1.15,0.0,-140.4,147.8,0.04353,0.05
household,iGPU_fungible_fp32,case3_hw_partition,0.01,0.0,uninsured,7.4,103.1,17.95,1.15,0.18,-139.4,146.8,0.04325,0.05
household,iGPU_fungible_fp32,case3_hw_partition,0.01,100.0,insured,7.4,103.1,17.95,1.15,0.0,-40.4,47.8,0.01408,0.15
household,iGPU_fungible_fp32,case3_hw_partition,0.01,100.0,uninsured,7.4,103.1,17.95,1.15,0.18,-39.4,46.8,0.0138,0.16
household,iGPU_fungible_fp32,case4_new_silicon,1e-05,0.0,insured,7.4,103.1,19.75,0.0,0.0,-141.1,148.5,0.04373,0.05
household,iGPU_fungible_fp32,case4_new_silicon,1e-05,0.0,uninsured,7.4,103.1,19.75,0.0,0.0,-141.1,148.5,0.04373,0.05
household,iGPU_fungible_fp32,case4_new_silicon,1e-05,100.0,insured,7.4,103.1,19.75,0.0,0.0,-41.1,48.5,0.01428,0.15
household,iGPU_fungible_fp32,case4_new_silicon,1e-05,100.0,uninsured,7.4,103.1,19.75,0.0,0.0,-41.1,48.5,0.01428,0.15
household,iGPU_fungible_fp32,case4_new_silicon,0.001,0.0,insured,7.4,103.1,19.75,0.11,0.0,-141.2,148.6,0.04376,0.05
household,iGPU_fungible_fp32,case4_new_silicon,0.001,0.0,uninsured,7.4,103.1,19.75,0.11,0.02,-141.1,148.5,0.04373,0.05
household,iGPU_fungible_fp32,case4_new_silicon,0.001,100.0,insured,7.4,103.1,19.75,0.11,0.0,-41.2,48.6,0.01431,0.15
household,iGPU_fungible_fp32,case4_new_silicon,0.001,100.0,uninsured,7.4,103.1,19.75,0.11,0.02,-41.1,48.5,0.01428,0.15
household,iGPU_fungible_fp32,case4_new_silicon,0.01,0.0,insured,7.4,103.1,19.75,1.15,0.0,-142.2,149.6,0.04407,0.05
household,iGPU_fungible_fp32,case4_new_silicon,0.01,0.0,uninsured,7.4,103.1,19.75,1.15,0.18,-141.2,148.6,0.04378,0.05
household,iGPU_fungible_fp32,case4_new_silicon,0.01,100.0,insured,7.4,103.1,19.75,1.15,0.0,-42.2,49.6,0.01461,0.15
household,iGPU_fungible_fp32,case4_new_silicon,0.01,100.0,uninsured,7.4,103.1,19.75,1.15,0.18,-41.2,48.6,0.01433,0.15
household,entry_1660_2060,case1_sameOS,1e-05,0.0,insured,123.0,372.8,8.5,1.28,0.0,-285.2,408.2,0.00647,0.34
household,entry_1660_2060,case1_sameOS,1e-05,0.0,uninsured,123.0,372.8,8.5,1.28,2.19,-286.1,409.1,0.00649,0.34
household,entry_1660_2060,case1_sameOS,1e-05,100.0,insured,123.0,372.8,8.5,1.28,0.0,-185.2,308.2,0.00489,0.45
household,entry_1660_2060,case1_sameOS,1e-05,100.0,uninsured,123.0,372.8,8.5,1.28,2.19,-186.1,309.1,0.0049,0.44
household,entry_1660_2060,case1_sameOS,0.001,0.0,insured,123.0,372.8,8.5,127.69,0.0,-411.6,534.6,0.00848,0.26
household,entry_1660_2060,case1_sameOS,0.001,0.0,uninsured,123.0,372.8,8.5,127.69,21.31,-305.2,428.2,0.00679,0.32
household,entry_1660_2060,case1_sameOS,0.001,100.0,insured,123.0,372.8,8.5,127.69,0.0,-311.6,434.6,0.00689,0.32
household,entry_1660_2060,case1_sameOS,0.001,100.0,uninsured,123.0,372.8,8.5,127.69,21.31,-205.2,328.2,0.0052,0.42
household,entry_1660_2060,case1_sameOS,0.01,0.0,insured,123.0,372.8,8.5,1276.92,0.0,-1560.8,1683.8,0.0267,0.08
household,entry_1660_2060,case1_sameOS,0.01,0.0,uninsured,123.0,372.8,8.5,1276.92,195.13,-479.0,602.0,0.00955,0.23
household,entry_1660_2060,case1_sameOS,0.01,100.0,insured,123.0,372.8,8.5,1276.92,0.0,-1460.8,1583.8,0.02511,0.09
household,entry_1660_2060,case1_sameOS,0.01,100.0,uninsured,123.0,372.8,8.5,1276.92,195.13,-379.0,502.0,0.00796,0.27
household,entry_1660_2060,case2_vm_nic,1e-05,0.0,insured,123.0,372.8,57.75,0.01,0.0,-333.2,456.2,0.00723,0.3
household,entry_1660_2060,case2_vm_nic,1e-05,0.0,uninsured,123.0,372.8,57.75,0.01,0.02,-333.2,456.2,0.00723,0.3
household,entry_1660_2060,case2_vm_nic,1e-05,100.0,insured,123.0,372.8,57.75,0.01,0.0,-233.2,356.2,0.00565,0.39
household,entry_1660_2060,case2_vm_nic,1e-05,100.0,uninsured,123.0,372.8,57.75,0.01,0.02,-233.2,356.2,0.00565,0.39
household,entry_1660_2060,case2_vm_nic,0.001,0.0,insured,123.0,372.8,57.75,1.28,0.0,-334.4,457.4,0.00725,0.3
household,entry_1660_2060,case2_vm_nic,0.001,0.0,uninsured,123.0,372.8,57.75,1.28,0.21,-333.4,456.4,0.00724,0.3
household,entry_1660_2060,case2_vm_nic,0.001,100.0,insured,123.0,372.8,57.75,1.28,0.0,-234.4,357.4,0.00567,0.38
household,entry_1660_2060,case2_vm_nic,0.001,100.0,uninsured,123.0,372.8,57.75,1.28,0.21,-233.4,356.4,0.00565,0.39
household,entry_1660_2060,case2_vm_nic,0.01,0.0,insured,123.0,372.8,57.75,12.77,0.0,-345.9,468.9,0.00743,0.29
household,entry_1660_2060,case2_vm_nic,0.01,0.0,uninsured,123.0,372.8,57.75,12.77,1.95,-335.1,458.1,0.00726,0.3
household,entry_1660_2060,case2_vm_nic,0.01,100.0,insured,123.0,372.8,57.75,12.77,0.0,-245.9,368.9,0.00585,0.37
household,entry_1660_2060,case2_vm_nic,0.01,100.0,uninsured,123.0,372.8,57.75,12.77,1.95,-235.1,358.1,0.00568,0.38
household,entry_1660_2060,case3_hw_partition,1e-05,0.0,insured,123.0,372.8,17.95,0.0,0.0,-293.4,416.4,0.0066,0.33
household,entry_1660_2060,case3_hw_partition,1e-05,0.0,uninsured,123.0,372.8,17.95,0.0,0.0,-293.4,416.4,0.0066,0.33
household,entry_1660_2060,case3_hw_partition,1e-05,100.0,insured,123.0,372.8,17.95,0.0,0.0,-193.4,316.4,0.00502,0.43
household,entry_1660_2060,case3_hw_partition,1e-05,100.0,uninsured,123.0,372.8,17.95,0.0,0.0,-193.4,316.4,0.00502,0.43
household,entry_1660_2060,case3_hw_partition,0.001,0.0,insured,123.0,372.8,17.95,0.11,0.0,-293.5,416.5,0.0066,0.33
household,entry_1660_2060,case3_hw_partition,0.001,0.0,uninsured,123.0,372.8,17.95,0.11,0.02,-293.4,416.4,0.0066,0.33
household,entry_1660_2060,case3_hw_partition,0.001,100.0,insured,123.0,372.8,17.95,0.11,0.0,-193.5,316.5,0.00502,0.43
household,entry_1660_2060,case3_hw_partition,0.001,100.0,uninsured,123.0,372.8,17.95,0.11,0.02,-193.4,316.4,0.00502,0.43
household,entry_1660_2060,case3_hw_partition,0.01,0.0,insured,123.0,372.8,17.95,1.15,0.0,-294.5,417.5,0.00662,0.33
household,entry_1660_2060,case3_hw_partition,0.01,0.0,uninsured,123.0,372.8,17.95,1.15,0.18,-293.5,416.5,0.0066,0.33
household,entry_1660_2060,case3_hw_partition,0.01,100.0,insured,123.0,372.8,17.95,1.15,0.0,-194.5,317.5,0.00503,0.43
household,entry_1660_2060,case3_hw_partition,0.01,100.0,uninsured,123.0,372.8,17.95,1.15,0.18,-193.5,316.5,0.00502,0.43
household,entry_1660_2060,case4_new_silicon,1e-05,0.0,insured,123.0,372.8,19.75,0.0,0.0,-295.2,418.2,0.00663,0.33
household,entry_1660_2060,case4_new_silicon,1e-05,0.0,uninsured,123.0,372.8,19.75,0.0,0.0,-295.2,418.2,0.00663,0.33
household,entry_1660_2060,case4_new_silicon,1e-05,100.0,insured,123.0,372.8,19.75,0.0,0.0,-195.2,318.2,0.00504,0.43
household,entry_1660_2060,case4_new_silicon,1e-05,100.0,uninsured,123.0,372.8,19.75,0.0,0.0,-195.2,318.2,0.00504,0.43
household,entry_1660_2060,case4_new_silicon,0.001,0.0,insured,123.0,372.8,19.75,0.11,0.0,-295.3,418.3,0.00663,0.33
household,entry_1660_2060,case4_new_silicon,0.001,0.0,uninsured,123.0,372.8,19.75,0.11,0.02,-295.2,418.2,0.00663,0.33
household,entry_1660_2060,case4_new_silicon,0.001,100.0,insured,123.0,372.8,19.75,0.11,0.0,-195.3,318.3,0.00505,0.43
household,entry_1660_2060,case4_new_silicon,0.001,100.0,uninsured,123.0,372.8,19.75,0.11,0.02,-195.2,318.2,0.00504,0.43
household,entry_1660_2060,case4_new_silicon,0.01,0.0,insured,123.0,372.8,19.75,1.15,0.0,-296.3,419.3,0.00665,0.33
household,entry_1660_2060,case4_new_silicon,0.01,0.0,uninsured,123.0,372.8,19.75,1.15,0.18,-295.3,418.3,0.00663,0.33
household,entry_1660_2060,case4_new_silicon,0.01,100.0,insured,123.0,372.8,19.75,1.15,0.0,-196.3,319.3,0.00506,0.43
household,entry_1660_2060,case4_new_silicon,0.01,100.0,uninsured,123.0,372.8,19.75,1.15,0.18,-195.3,318.3,0.00505,0.43
household,mid_3090,case1_sameOS,1e-05,0.0,insured,596.0,658.4,8.5,1.28,0.0,-97.7,693.7,0.00222,0.98
household,mid_3090,case1_sameOS,1e-05,0.0,uninsured,596.0,658.4,8.5,1.28,2.19,-98.7,694.7,0.00223,0.98
household,mid_3090,case1_sameOS,1e-05,100.0,insured,596.0,658.4,8.5,1.28,0.0,2.3,593.7,0.0019,1.15
household,mid_3090,case1_sameOS,1e-05,100.0,uninsured,596.0,658.4,8.5,1.28,2.19,1.3,594.7,0.00191,1.14
household,mid_3090,case1_sameOS,0.001,0.0,insured,596.0,658.4,8.5,127.69,0.0,-224.2,820.2,0.00263,0.83
household,mid_3090,case1_sameOS,0.001,0.0,uninsured,596.0,658.4,8.5,127.69,21.31,-117.8,713.8,0.00229,0.95
household,mid_3090,case1_sameOS,0.001,100.0,insured,596.0,658.4,8.5,127.69,0.0,-124.2,720.2,0.00231,0.94
household,mid_3090,case1_sameOS,0.001,100.0,uninsured,596.0,658.4,8.5,127.69,21.31,-17.8,613.8,0.00197,1.11
household,mid_3090,case1_sameOS,0.01,0.0,insured,596.0,658.4,8.5,1276.92,0.0,-1373.4,1969.4,0.00632,0.35
household,mid_3090,case1_sameOS,0.01,0.0,uninsured,596.0,658.4,8.5,1276.92,195.13,-291.6,887.6,0.00285,0.77
household,mid_3090,case1_sameOS,0.01,100.0,insured,596.0,658.4,8.5,1276.92,0.0,-1273.4,1869.4,0.00599,0.36
household,mid_3090,case1_sameOS,0.01,100.0,uninsured,596.0,658.4,8.5,1276.92,195.13,-191.6,787.6,0.00253,0.86
household,mid_3090,case2_vm_nic,1e-05,0.0,insured,596.0,658.4,57.75,0.01,0.0,-145.7,741.7,0.00238,0.92
household,mid_3090,case2_vm_nic,1e-05,0.0,uninsured,596.0,658.4,57.75,0.01,0.02,-145.7,741.7,0.00238,0.92
household,mid_3090,case2_vm_nic,1e-05,100.0,insured,596.0,658.4,57.75,0.01,0.0,-45.7,641.7,0.00206,1.06
household,mid_3090,case2_vm_nic,1e-05,100.0,uninsured,596.0,658.4,57.75,0.01,0.02,-45.7,641.7,0.00206,1.06
household,mid_3090,case2_vm_nic,0.001,0.0,insured,596.0,658.4,57.75,1.28,0.0,-147.0,743.0,0.00238,0.92
household,mid_3090,case2_vm_nic,0.001,0.0,uninsured,596.0,658.4,57.75,1.28,0.21,-145.9,741.9,0.00238,0.92
household,mid_3090,case2_vm_nic,0.001,100.0,insured,596.0,658.4,57.75,1.28,0.0,-47.0,643.0,0.00206,1.06
household,mid_3090,case2_vm_nic,0.001,100.0,uninsured,596.0,658.4,57.75,1.28,0.21,-45.9,641.9,0.00206,1.06
household,mid_3090,case2_vm_nic,0.01,0.0,insured,596.0,658.4,57.75,12.77,0.0,-158.5,754.5,0.00242,0.9
household,mid_3090,case2_vm_nic,0.01,0.0,uninsured,596.0,658.4,57.75,12.77,1.95,-147.7,743.7,0.00238,0.91
household,mid_3090,case2_vm_nic,0.01,100.0,insured,596.0,658.4,57.75,12.77,0.0,-58.5,654.5,0.0021,1.04
household,mid_3090,case2_vm_nic,0.01,100.0,uninsured,596.0,658.4,57.75,12.77,1.95,-47.7,643.7,0.00206,1.06
household,mid_3090,case3_hw_partition,1e-05,0.0,insured,596.0,658.4,17.95,0.0,0.0,-105.9,701.9,0.00225,0.97
household,mid_3090,case3_hw_partition,1e-05,0.0,uninsured,596.0,658.4,17.95,0.0,0.0,-105.9,701.9,0.00225,0.97
household,mid_3090,case3_hw_partition,1e-05,100.0,insured,596.0,658.4,17.95,0.0,0.0,-5.9,601.9,0.00193,1.13
household,mid_3090,case3_hw_partition,1e-05,100.0,uninsured,596.0,658.4,17.95,0.0,0.0,-5.9,601.9,0.00193,1.13
household,mid_3090,case3_hw_partition,0.001,0.0,insured,596.0,658.4,17.95,0.11,0.0,-106.0,702.0,0.00225,0.97
household,mid_3090,case3_hw_partition,0.001,0.0,uninsured,596.0,658.4,17.95,0.11,0.02,-105.9,701.9,0.00225,0.97
household,mid_3090,case3_hw_partition,0.001,100.0,insured,596.0,658.4,17.95,0.11,0.0,-6.0,602.0,0.00193,1.13
household,mid_3090,case3_hw_partition,0.001,100.0,uninsured,596.0,658.4,17.95,0.11,0.02,-5.9,601.9,0.00193,1.13
household,mid_3090,case3_hw_partition,0.01,0.0,insured,596.0,658.4,17.95,1.15,0.0,-107.1,703.1,0.00225,0.97
household,mid_3090,case3_hw_partition,0.01,0.0,uninsured,596.0,658.4,17.95,1.15,0.18,-106.1,702.1,0.00225,0.97
household,mid_3090,case3_hw_partition,0.01,100.0,insured,596.0,658.4,17.95,1.15,0.0,-7.1,603.1,0.00193,1.13
household,mid_3090,case3_hw_partition,0.01,100.0,uninsured,596.0,658.4,17.95,1.15,0.18,-6.1,602.1,0.00193,1.13
household,mid_3090,case4_new_silicon,1e-05,0.0,insured,596.0,658.4,19.75,0.0,0.0,-107.7,703.7,0.00226,0.97
household,mid_3090,case4_new_silicon,1e-05,0.0,uninsured,596.0,658.4,19.75,0.0,0.0,-107.7,703.7,0.00226,0.97
household,mid_3090,case4_new_silicon,1e-05,100.0,insured,596.0,658.4,19.75,0.0,0.0,-7.7,603.7,0.00194,1.13
household,mid_3090,case4_new_silicon,1e-05,100.0,uninsured,596.0,658.4,19.75,0.0,0.0,-7.7,603.7,0.00194,1.13
household,mid_3090,case4_new_silicon,0.001,0.0,insured,596.0,658.4,19.75,0.11,0.0,-107.8,703.8,0.00226,0.97
household,mid_3090,case4_new_silicon,0.001,0.0,uninsured,596.0,658.4,19.75,0.11,0.02,-107.7,703.7,0.00226,0.97
household,mid_3090,case4_new_silicon,0.001,100.0,insured,596.0,658.4,19.75,0.11,0.0,-7.8,603.8,0.00194,1.13
household,mid_3090,case4_new_silicon,0.001,100.0,uninsured,596.0,658.4,19.75,0.11,0.02,-7.7,603.7,0.00194,1.13
household,mid_3090,case4_new_silicon,0.01,0.0,insured,596.0,658.4,19.75,1.15,0.0,-108.9,704.9,0.00226,0.96
household,mid_3090,case4_new_silicon,0.01,0.0,uninsured,596.0,658.4,19.75,1.15,0.18,-107.9,703.9,0.00226,0.97
household,mid_3090,case4_new_silicon,0.01,100.0,insured,596.0,658.4,19.75,1.15,0.0,-8.9,604.9,0.00194,1.12
household,mid_3090,case4_new_silicon,0.01,100.0,uninsured,596.0,658.4,19.75,1.15,0.18,-7.9,603.9,0.00194,1.13
household,high_4090,case1_sameOS,1e-05,0.0,insured,1577.0,817.0,8.5,1.28,0.0,724.6,852.4,0.00118,1.85
household,high_4090,case1_sameOS,1e-05,0.0,uninsured,1577.0,817.0,8.5,1.28,2.19,723.7,853.3,0.00118,1.85
household,high_4090,case1_sameOS,1e-05,100.0,insured,1577.0,817.0,8.5,1.28,0.0,824.6,752.4,0.00104,2.1
household,high_4090,case1_sameOS,1e-05,100.0,uninsured,1577.0,817.0,8.5,1.28,2.19,823.7,753.3,0.00104,2.09
household,high_4090,case1_sameOS,0.001,0.0,insured,1577.0,817.0,8.5,127.69,0.0,598.2,978.8,0.00135,1.61
household,high_4090,case1_sameOS,0.001,0.0,uninsured,1577.0,817.0,8.5,127.69,21.31,704.6,872.4,0.00121,1.81
household,high_4090,case1_sameOS,0.001,100.0,insured,1577.0,817.0,8.5,127.69,0.0,698.2,878.8,0.00121,1.79
household,high_4090,case1_sameOS,0.001,100.0,uninsured,1577.0,817.0,8.5,127.69,21.31,804.6,772.4,0.00107,2.04
household,high_4090,case1_sameOS,0.01,0.0,insured,1577.0,817.0,8.5,1276.92,0.0,-551.0,2128.0,0.00294,0.74
household,high_4090,case1_sameOS,0.01,0.0,uninsured,1577.0,817.0,8.5,1276.92,195.13,530.8,1046.2,0.00145,1.51
household,high_4090,case1_sameOS,0.01,100.0,insured,1577.0,817.0,8.5,1276.92,0.0,-451.0,2028.0,0.0028,0.78
household,high_4090,case1_sameOS,0.01,100.0,uninsured,1577.0,817.0,8.5,1276.92,195.13,630.8,946.2,0.00131,1.67
household,high_4090,case2_vm_nic,1e-05,0.0,insured,1577.0,817.0,57.75,0.01,0.0,676.6,900.4,0.00124,1.75
household,high_4090,case2_vm_nic,1e-05,0.0,uninsured,1577.0,817.0,57.75,0.01,0.02,676.6,900.4,0.00124,1.75
household,high_4090,case2_vm_nic,1e-05,100.0,insured,1577.0,817.0,57.75,0.01,0.0,776.6,800.4,0.00111,1.97
household,high_4090,case2_vm_nic,1e-05,100.0,uninsured,1577.0,817.0,57.75,0.01,0.02,776.6,800.4,0.00111,1.97
household,high_4090,case2_vm_nic,0.001,0.0,insured,1577.0,817.0,57.75,1.28,0.0,675.4,901.6,0.00125,1.75
household,high_4090,case2_vm_nic,0.001,0.0,uninsured,1577.0,817.0,57.75,1.28,0.21,676.4,900.6,0.00124,1.75
household,high_4090,case2_vm_nic,0.001,100.0,insured,1577.0,817.0,57.75,1.28,0.0,775.4,801.6,0.00111,1.97
household,high_4090,case2_vm_nic,0.001,100.0,uninsured,1577.0,817.0,57.75,1.28,0.21,776.4,800.6,0.00111,1.97
household,high_4090,case2_vm_nic,0.01,0.0,insured,1577.0,817.0,57.75,12.77,0.0,663.9,913.1,0.00126,1.73
household,high_4090,case2_vm_nic,0.01,0.0,uninsured,1577.0,817.0,57.75,12.77,1.95,674.7,902.3,0.00125,1.75
household,high_4090,case2_vm_nic,0.01,100.0,insured,1577.0,817.0,57.75,12.77,0.0,763.9,813.1,0.00112,1.94
household,high_4090,case2_vm_nic,0.01,100.0,uninsured,1577.0,817.0,57.75,12.77,1.95,774.7,802.3,0.00111,1.97
household,high_4090,case3_hw_partition,1e-05,0.0,insured,1577.0,817.0,17.95,0.0,0.0,716.4,860.6,0.00119,1.83
household,high_4090,case3_hw_partition,1e-05,0.0,uninsured,1577.0,817.0,17.95,0.0,0.0,716.4,860.6,0.00119,1.83
household,high_4090,case3_hw_partition,1e-05,100.0,insured,1577.0,817.0,17.95,0.0,0.0,816.4,760.6,0.00105,2.07
household,high_4090,case3_hw_partition,1e-05,100.0,uninsured,1577.0,817.0,17.95,0.0,0.0,816.4,760.6,0.00105,2.07
household,high_4090,case3_hw_partition,0.001,0.0,insured,1577.0,817.0,17.95,0.11,0.0,716.3,860.7,0.00119,1.83
household,high_4090,case3_hw_partition,0.001,0.0,uninsured,1577.0,817.0,17.95,0.11,0.02,716.4,860.6,0.00119,1.83
household,high_4090,case3_hw_partition,0.001,100.0,insured,1577.0,817.0,17.95,0.11,0.0,816.3,760.7,0.00105,2.07
household,high_4090,case3_hw_partition,0.001,100.0,uninsured,1577.0,817.0,17.95,0.11,0.02,816.4,760.6,0.00105,2.07
household,high_4090,case3_hw_partition,0.01,0.0,insured,1577.0,817.0,17.95,1.15,0.0,715.3,861.7,0.00119,1.83
household,high_4090,case3_hw_partition,0.01,0.0,uninsured,1577.0,817.0,17.95,1.15,0.18,716.3,860.7,0.00119,1.83
household,high_4090,case3_hw_partition,0.01,100.0,insured,1577.0,817.0,17.95,1.15,0.0,815.3,761.7,0.00105,2.07
household,high_4090,case3_hw_partition,0.01,100.0,uninsured,1577.0,817.0,17.95,1.15,0.18,816.3,760.7,0.00105,2.07
household,high_4090,case4_new_silicon,1e-05,0.0,insured,1577.0,817.0,19.75,0.0,0.0,714.6,862.4,0.00119,1.83
household,high_4090,case4_new_silicon,1e-05,0.0,uninsured,1577.0,817.0,19.75,0.0,0.0,714.6,862.4,0.00119,1.83
household,high_4090,case4_new_silicon,1e-05,100.0,insured,1577.0,817.0,19.75,0.0,0.0,814.6,762.4,0.00105,2.07
household,high_4090,case4_new_silicon,1e-05,100.0,uninsured,1577.0,817.0,19.75,0.0,0.0,814.6,762.4,0.00105,2.07
household,high_4090,case4_new_silicon,0.001,0.0,insured,1577.0,817.0,19.75,0.11,0.0,714.5,862.5,0.00119,1.83
household,high_4090,case4_new_silicon,0.001,0.0,uninsured,1577.0,817.0,19.75,0.11,0.02,714.6,862.4,0.00119,1.83
household,high_4090,case4_new_silicon,0.001,100.0,insured,1577.0,817.0,19.75,0.11,0.0,814.5,762.5,0.00105,2.07
household,high_4090,case4_new_silicon,0.001,100.0,uninsured,1577.0,817.0,19.75,0.11,0.02,814.6,762.4,0.00105,2.07
household,high_4090,case4_new_silicon,0.01,0.0,insured,1577.0,817.0,19.75,1.15,0.0,713.5,863.5,0.00119,1.83
household,high_4090,case4_new_silicon,0.01,0.0,uninsured,1577.0,817.0,19.75,1.15,0.18,714.5,862.5,0.00119,1.83
household,high_4090,case4_new_silicon,0.01,100.0,insured,1577.0,817.0,19.75,1.15,0.0,813.5,763.5,0.00106,2.07
household,high_4090,case4_new_silicon,0.01,100.0,uninsured,1577.0,817.0,19.75,1.15,0.18,814.5,762.5,0.00105,2.07
household,top_5090,case1_sameOS,1e-05,0.0,insured,2006.0,1015.3,8.5,1.28,0.0,955.3,1050.7,0.00114,1.91
household,top_5090,case1_sameOS,1e-05,0.0,uninsured,2006.0,1015.3,8.5,1.28,2.19,954.4,1051.6,0.00114,1.91
household,top_5090,case1_sameOS,1e-05,100.0,insured,2006.0,1015.3,8.5,1.28,0.0,1055.3,950.7,0.00103,2.11
household,top_5090,case1_sameOS,1e-05,100.0,uninsured,2006.0,1015.3,8.5,1.28,2.19,1054.4,951.6,0.00103,2.11
household,top_5090,case1_sameOS,0.001,0.0,insured,2006.0,1015.3,8.5,127.69,0.0,828.9,1177.1,0.00128,1.7
household,top_5090,case1_sameOS,0.001,0.0,uninsured,2006.0,1015.3,8.5,127.69,21.31,935.3,1070.7,0.00116,1.87
household,top_5090,case1_sameOS,0.001,100.0,insured,2006.0,1015.3,8.5,127.69,0.0,928.9,1077.1,0.00117,1.86
household,top_5090,case1_sameOS,0.001,100.0,uninsured,2006.0,1015.3,8.5,127.69,21.31,1035.3,970.7,0.00106,2.07
household,top_5090,case1_sameOS,0.01,0.0,insured,2006.0,1015.3,8.5,1276.92,0.0,-320.3,2326.3,0.00253,0.86
household,top_5090,case1_sameOS,0.01,0.0,uninsured,2006.0,1015.3,8.5,1276.92,195.13,761.5,1244.5,0.00135,1.61
household,top_5090,case1_sameOS,0.01,100.0,insured,2006.0,1015.3,8.5,1276.92,0.0,-220.3,2226.3,0.00242,0.9
household,top_5090,case1_sameOS,0.01,100.0,uninsured,2006.0,1015.3,8.5,1276.92,195.13,861.5,1144.5,0.00124,1.75
household,top_5090,case2_vm_nic,1e-05,0.0,insured,2006.0,1015.3,57.75,0.01,0.0,907.3,1098.7,0.00119,1.83
household,top_5090,case2_vm_nic,1e-05,0.0,uninsured,2006.0,1015.3,57.75,0.01,0.02,907.3,1098.7,0.00119,1.83
household,top_5090,case2_vm_nic,1e-05,100.0,insured,2006.0,1015.3,57.75,0.01,0.0,1007.3,998.7,0.00109,2.01
household,top_5090,case2_vm_nic,1e-05,100.0,uninsured,2006.0,1015.3,57.75,0.01,0.02,1007.3,998.7,0.00109,2.01
household,top_5090,case2_vm_nic,0.001,0.0,insured,2006.0,1015.3,57.75,1.28,0.0,906.1,1099.9,0.0012,1.82
household,top_5090,case2_vm_nic,0.001,0.0,uninsured,2006.0,1015.3,57.75,1.28,0.21,907.1,1098.9,0.00119,1.82
household,top_5090,case2_vm_nic,0.001,100.0,insured,2006.0,1015.3,57.75,1.28,0.0,1006.1,999.9,0.00109,2.01
household,top_5090,case2_vm_nic,0.001,100.0,uninsured,2006.0,1015.3,57.75,1.28,0.21,1007.1,998.9,0.00109,2.01
household,top_5090,case2_vm_nic,0.01,0.0,insured,2006.0,1015.3,57.75,12.77,0.0,894.6,1111.4,0.00121,1.8
household,top_5090,case2_vm_nic,0.01,0.0,uninsured,2006.0,1015.3,57.75,12.77,1.95,905.4,1100.6,0.0012,1.82
household,top_5090,case2_vm_nic,0.01,100.0,insured,2006.0,1015.3,57.75,12.77,0.0,994.6,1011.4,0.0011,1.98
household,top_5090,case2_vm_nic,0.01,100.0,uninsured,2006.0,1015.3,57.75,12.77,1.95,1005.4,1000.6,0.00109,2.0
household,top_5090,case3_hw_partition,1e-05,0.0,insured,2006.0,1015.3,17.95,0.0,0.0,947.1,1058.9,0.00115,1.89
household,top_5090,case3_hw_partition,1e-05,0.0,uninsured,2006.0,1015.3,17.95,0.0,0.0,947.1,1058.9,0.00115,1.89
household,top_5090,case3_hw_partition,1e-05,100.0,insured,2006.0,1015.3,17.95,0.0,0.0,1047.1,958.9,0.00104,2.09
household,top_5090,case3_hw_partition,1e-05,100.0,uninsured,2006.0,1015.3,17.95,0.0,0.0,1047.1,958.9,0.00104,2.09
household,top_5090,case3_hw_partition,0.001,0.0,insured,2006.0,1015.3,17.95,0.11,0.0,947.0,1059.0,0.00115,1.89
household,top_5090,case3_hw_partition,0.001,0.0,uninsured,2006.0,1015.3,17.95,0.11,0.02,947.1,1058.9,0.00115,1.89
household,top_5090,case3_hw_partition,0.001,100.0,insured,2006.0,1015.3,17.95,0.11,0.0,1047.0,959.0,0.00104,2.09
household,top_5090,case3_hw_partition,0.001,100.0,uninsured,2006.0,1015.3,17.95,0.11,0.02,1047.1,958.9,0.00104,2.09
household,top_5090,case3_hw_partition,0.01,0.0,insured,2006.0,1015.3,17.95,1.15,0.0,946.0,1060.0,0.00115,1.89
household,top_5090,case3_hw_partition,0.01,0.0,uninsured,2006.0,1015.3,17.95,1.15,0.18,947.0,1059.0,0.00115,1.89
household,top_5090,case3_hw_partition,0.01,100.0,insured,2006.0,1015.3,17.95,1.15,0.0,1046.0,960.0,0.00104,2.09
household,top_5090,case3_hw_partition,0.01,100.0,uninsured,2006.0,1015.3,17.95,1.15,0.18,1047.0,959.0,0.00104,2.09
household,top_5090,case4_new_silicon,1e-05,0.0,insured,2006.0,1015.3,19.75,0.0,0.0,945.3,1060.7,0.00115,1.89
household,top_5090,case4_new_silicon,1e-05,0.0,uninsured,2006.0,1015.3,19.75,0.0,0.0,945.3,1060.7,0.00115,1.89
household,top_5090,case4_new_silicon,1e-05,100.0,insured,2006.0,1015.3,19.75,0.0,0.0,1045.3,960.7,0.00104,2.09
household,top_5090,case4_new_silicon,1e-05,100.0,uninsured,2006.0,1015.3,19.75,0.0,0.0,1045.3,960.7,0.00104,2.09
household,top_5090,case4_new_silicon,0.001,0.0,insured,2006.0,1015.3,19.75,0.11,0.0,945.2,1060.8,0.00115,1.89
household,top_5090,case4_new_silicon,0.001,0.0,uninsured,2006.0,1015.3,19.75,0.11,0.02,945.3,1060.7,0.00115,1.89
household,top_5090,case4_new_silicon,0.001,100.0,insured,2006.0,1015.3,19.75,0.11,0.0,1045.2,960.8,0.00104,2.09
household,top_5090,case4_new_silicon,0.001,100.0,uninsured,2006.0,1015.3,19.75,0.11,0.02,1045.3,960.7,0.00104,2.09
household,top_5090,case4_new_silicon,0.01,0.0,insured,2006.0,1015.3,19.75,1.15,0.0,944.2,1061.8,0.00115,1.89
household,top_5090,case4_new_silicon,0.01,0.0,uninsured,2006.0,1015.3,19.75,1.15,0.18,945.2,1060.8,0.00115,1.89
household,top_5090,case4_new_silicon,0.01,100.0,insured,2006.0,1015.3,19.75,1.15,0.0,1044.2,961.8,0.00105,2.08
household,top_5090,case4_new_silicon,0.01,100.0,uninsured,2006.0,1015.3,19.75,1.15,0.18,1045.2,960.8,0.00104,2.09
