seg,stratum,p3,p4,p3_frac_ai,p4_frac_ai,changed
nb_2019-03-29#t9w3,C-control-2019,Human,Human,0.0,0.0,0
nb_2019-03-29#t9w8,C-control-2019,Human,Human,0.0,0.0,0
nb_2019-05-10#t108w0,C-control-2019,Human,Human,0.0,0.0,0
nb_2019-05-10#t25w0,C-control-2019,Human,Human,0.0,0.0,0
nb_2019-05-10#t30w0,A-consensus-ctl,Human,Human,0.0,0.0,0
nb_2019-05-10#t64w0,A-consensus-ctl,Human,Human,0.0,0.0,0
nb_2019-05-10#t81w0,C-control-2019,Human,Human,0.0,0.0,0
nb_2019-05-10#t82w0,C-control-2019,Human,Human,0.0,0.0,0
nb_2019-11-19#t116w0,C-control-2019,Human,Human,0.0,0.0,0
nb_2019-11-19#t116w13,C-control-2019,Human,Human,0.0,0.0,0
nb_2019-11-19#t116w4,C-control-2019,Human,Human,0.0,0.0,0
nb_2019-11-27#t132w0,A-consensus-ctl,Human,Human,0.0,0.0,0
nb_2019-11-27#t137w0,C-control-2019,Human,Human,0.0,0.0,0
nb_2019-11-27#t138w0,C-control-2019,Human,Human,0.0,0.0,0
nb_2019-11-27#t140w0,C-control-2019,Human,Human,0.0,0.0,0
nb_2019-11-27#t145w0,C-control-2019,Human,Human,0.0,0.0,0
nb_2019-11-27#t155w0,C-control-2019,Human,Human,0.0,0.0,0
nb_2019-11-27#t160w0,C-control-2019,Human,Human,0.0,0.0,0
nb_2019-11-27#t161w0,C-control-2019,Human,Human,0.0,0.0,0
nb_2019-11-27#t165w0,C-control-2019,Human,Human,0.0,0.0,0
nb_2019-11-27#t185w0,A-consensus-ctl,Human,Human,0.0,0.0,0
nb_2019-11-27#t187w0,C-control-2019,Human,Human,0.0,0.0,0
nb_2019-11-27#t198w0,A-consensus-ctl,Human,Human,0.0,0.0,0
nb_2019-11-27#t203w0,C-control-2019,Human,Human,0.0,0.0,0
nb_2019-11-27#t216w1,A-consensus-ctl,Human,Human,0.0,0.0,0
nb_2019-11-27#t217w0,C-control-2019,Human,Human,0.0,0.0,0
nb_2019-11-27#t221w0,C-control-2019,Human,Human,0.0,0.0,0
nb_2019-11-27#t222w0,C-control-2019,Human,Human,0.0,0.0,0
nb_2019-11-27#t223w1,C-control-2019,Human,Human,0.0,0.0,0
nb_2019-11-27#t224w0,A-consensus-ctl,Human,Human,0.0,0.0,0
nb_2019-11-27#t230w13,A-consensus-ctl,Human,Human,0.0,0.0,0
nb_2019-11-27#t230w2,C-control-2019,Human,Human,0.0,0.0,0
nb_2019-11-27#t230w9,C-control-2019,Human,Human,0.0,0.0,0
nb_2019-11-27#t232w4,C-control-2019,Human,Human,0.0,0.0,0
nb_2019-11-27#t238w11,C-control-2019,Human,Human,0.0,0.0,0
nb_2019-11-27#t238w4,C-control-2019,Human,Human,0.0,0.0,0
nb_2019-11-27#t240w0,C-control-2019,Human,Human,0.0,0.0,0
nb_2019-11-27#t252w0,C-control-2019,Human,Human,0.0,0.0,0
nb_2019-11-27#t252w3,C-control-2019,Human,Human,0.0,0.0,0
nb_2019-11-27#t253w3,C-control-2019,Human,Human,0.0,0.0,0
nb_2019-11-27#t256w0,A-consensus-ctl,Human,Human,0.0,0.0,0
nb_2019-11-27#t257w0,C-control-2019,Human,Human,0.0,0.0,0
nb_2019-11-27#t261w4,C-control-2019,Human,Human,0.0,0.0,0
nb_2019-11-27#t261w5,C-control-2019,Human,Human,0.0,0.0,0
nb_2019-11-27#t261w8,C-control-2019,Human,Human,0.0,0.0,0
nb_2019-11-27#t267w8,C-control-2019,Human,Human,0.0,0.0,0
nb_2019-12-12#t291w0,C-control-2019,Human,Human,0.0,0.0,0
nb_2019-12-12#t294w0,C-control-2019,Human,Human,0.0,0.0,0
nb_2019-12-12#t300w0,C-control-2019,Human,Human,0.0,0.0,0
nb_2019-12-12#t302w0,C-control-2019,Human,Human,0.0,0.0,0
nb_2019-12-12#t305w0,C-control-2019,Human,Human,0.0,0.0,0
nb_2019-12-12#t314w0,C-control-2019,Human,Human,0.0,0.0,0
nb_2019-12-12#t318w0,C-control-2019,Human,Human,0.0,0.0,0
nb_2019-12-12#t327w0,C-control-2019,Human,Human,0.0,0.0,0
nb_2019-12-12#t330w0,C-control-2019,Human,Human,0.0,0.0,0
nb_2019-12-12#t348w0,C-control-2019,Human,Human,0.0,0.0,0
nb_2019-12-12#t349w0,C-control-2019,Human,Human,0.0,0.0,0
nb_2019-12-12#t354w0,C-control-2019,Human,Human,0.0,0.0,0
nb_2019-12-12#t361w1,C-control-2019,Human,Human,0.0,0.0,0
nb_2019-12-12#t362w3,C-control-2019,Human,Human,0.0,0.0,0
nb_2019-12-12#t368w0,C-control-2019,Human,Human,0.0,0.0,0
nb_2019-12-12#t371w0,C-control-2019,Human,Human,0.0,0.0,0
nb_2019-12-12#t382w0,C-control-2019,Human,Human,0.0,0.0,0
nb_2019-12-12#t385w3,C-control-2019,Human,Human,0.0,0.0,0
nb_2019-12-12#t385w7,C-control-2019,Human,Human,0.0,0.0,0
nb_2019-12-12#t398w0,C-control-2019,Human,Human,0.0,0.0,0
nb_2019-12-12#t398w4,C-control-2019,Human,Human,0.0,0.0,0
nb_2019-12-12#t400w0,C-control-2019,Human,Human,0.0,0.0,0
nb_2019-12-12#t406w1,C-control-2019,Human,Human,0.0,0.0,0
nb_2020-03-11#t3747w0,Y-2020,Human,Human,0.0,0.0,0
nb_2020-03-11#t3831w0,Y-2020,Human,Human,0.0,0.0,0
nb_2020-03-13#t3906w0,Y-2020,Human,Human,0.0,0.0,0
nb_2020-05-27#t4140w0,Y-2020,Human,Human,0.0,0.0,0
nb_2020-05-27#t4163w0,Y-2020,Human,Human,0.0,0.0,0
nb_2020-05-27#t4182w0,Y-2020,Human,Human,0.0,0.0,0
nb_2020-06-09#t4265w0,Y-2020,Human,Human,0.0,0.0,0
nb_2020-06-09#t4280w0,Y-2020,Human,Human,0.0,0.0,0
nb_2020-06-10#t4321w0,Y-2020,Human,Human,0.0,0.0,0
nb_2020-06-10#t4368w0,Y-2020,Human,Human,0.0,0.0,0
nb_2020-06-10#t4399w0,Y-2020,Human,Human,0.0,0.0,0
nb_2020-06-16#t4540w0,Y-2020,Human,Human,0.0,0.0,0
nb_2020-06-16#t4575w0,Y-2020,Human,Human,0.0,0.0,0
nb_2020-06-16#t4595w0,Y-2020,Human,Human,0.0,0.0,0
nb_2020-06-17#t4655w0,Y-2020,Human,Human,0.0,0.0,0
nb_2020-06-17#t4667w0,Y-2020,Human,Human,0.0,0.0,0
nb_2020-06-18#t4730w0,Y-2020,Human,Human,0.0,0.0,0
nb_2020-11-18#t108w0,Y-2020,Human,Human,0.0,0.0,0
nb_2020-11-18#t110w0,Y-2020,Human,Human,0.0,0.0,0
nb_2020-11-18#t83w0,Y-2020,Human,Human,0.0,0.0,0
nb_2020-11-20#t243w0,Y-2020,Human,Human,0.0,0.0,0
nb_2020-12-08#t354w0,Y-2020,Human,Human,0.0,0.0,0
nb_2020-12-08#t422w0,Y-2020,Human,Human,0.0,0.0,0
nb_2020-12-08#t426w5,Y-2020,Human,Human,0.0,0.0,0
nb_2020-12-09#t453w0,Y-2020,Human,Human,0.0,0.0,0
nb_2020-12-09#t526w0,Y-2020,Human,Human,0.0,0.0,0
nb_2020-12-09#t570w8,Y-2020,Human,Human,0.0,0.0,0
nb_2020-12-09#t573w2,Y-2020,Human,Human,0.0,0.0,0
nb_2020-12-10#t682w5,Y-2020,Human,Human,0.0,0.0,0
nb_2020-12-11#t713w0,Y-2020,Human,Human,0.0,0.0,0
nb_2020-12-11#t726w0,Y-2020,Human,Human,0.0,0.0,0
nb_2020-12-11#t736w0,Y-2020,Human,Human,0.0,0.0,0
nb_2020-12-11#t754w4,Y-2020,Human,Human,0.0,0.0,0
nb_2020-12-11#t755w13,Y-2020,Human,Human,0.0,0.0,0
nb_2020-12-15#t779w0,Y-2020,Human,Human,0.0,0.0,0
nb_2020-12-15#t781w0,Y-2020,Human,Human,0.0,0.0,0
nb_2020-12-15#t816w0,Y-2020,Human,Human,0.0,0.0,0
nb_2020-12-16#t942w0,Y-2020,Human,Human,0.0,0.0,0
nb_2020-12-17#t1164w3,Y-2020,Human,Human,0.0,0.0,0
nb_2020-12-18#t1233w0,Y-2020,Human,Human,0.0,0.0,0
nb_2021-03-17#t1485w0,Y-2021,Human,Human,0.0,0.0,0
nb_2021-03-19#t1542w0,Y-2021,Human,Human,0.0,0.0,0
nb_2021-03-19#t1603w1,Y-2021,Human,Human,0.0,0.0,0
nb_2021-03-19#t1613w8,Y-2021,Human,Human,0.0,0.0,0
nb_2021-03-24#t1730w0,Y-2021,Human,Human,0.0,0.0,0
nb_2021-03-24#t1811w1,Y-2021,Human,Human,0.0,0.0,0
nb_2021-03-25#t1936w0,Y-2021,Human,Human,0.0,0.0,0
nb_2021-05-11#t2031w0,Y-2021,Human,Human,0.0,0.0,0
nb_2021-05-11#t2036w0,Y-2021,Human,Human,0.0,0.0,0
nb_2021-05-12#t2226w1,Y-2021,Human,Human,0.0,0.0,0
nb_2021-05-14#t2411w0,Y-2021,Human,Human,0.0,0.0,0
nb_2021-05-19#t2618w0,Y-2021,Human,Human,0.0,0.0,0
nb_2021-05-19#t2675w0,Y-2021,Human,Human,0.0,0.0,0
nb_2021-05-19#t2716w1,Y-2021,Human,Human,0.0,0.0,0
nb_2021-05-20#t2768w0,Y-2021,Human,Human,0.0,0.0,0
nb_2021-05-20#t2804w2,Y-2021,Human,Human,0.0,0.0,0
nb_2021-05-21#t2914w0,Y-2021,Human,Human,0.0,0.0,0
nb_2021-06-01#t3017w0,Y-2021,Human,Human,0.0,0.0,0
nb_2021-06-02#t3064w0,Y-2021,Human,Human,0.0,0.0,0
nb_2021-06-02#t3092w0,Y-2021,Human,Human,0.0,0.0,0
nb_2021-06-03#t3291w0,Y-2021,Human,Human,0.0,0.0,0
nb_2021-06-09#t3467w0,Y-2021,Human,Human,0.0,0.0,0
nb_2021-11-02#t3831w0,Y-2021,Human,Human,0.0,0.0,0
nb_2021-11-02#t3846w0,Y-2021,Human,Human,0.0,0.0,0
nb_2021-11-03#t3975w3,Y-2021,Human,Human,0.0,0.0,0
nb_2021-11-03#t3988w0,Y-2021,Human,Human,0.0,0.0,0
nb_2021-11-04#t4018w0,Y-2021,Human,Human,0.0,0.0,0
nb_2021-11-04#t4031w0,Y-2021,Human,Human,0.0,0.0,0
nb_2021-11-10#t4316w0,Y-2021,Human,Human,0.0,0.0,0
nb_2021-11-25#t4708w2,Y-2021,Human,Human,0.0,0.0,0
nb_2021-11-30#t4824w0,Y-2021,Human,Human,0.0,0.0,0
nb_2021-12-02#t4983w0,Y-2021,Human,Human,0.0,0.0,0
nb_2021-12-07#t5225w0,Y-2021,Human,Human,0.0,0.0,0
nb_2021-12-07#t5256w1,Y-2021,Human,Human,0.0,0.0,0
nb_2021-12-07#t5279w0,Y-2021,Human,Human,0.0,0.0,0
nb_2021-12-07#t5300w1,Y-2021,Human,Human,0.0,0.0,0
nb_2021-12-08#t5392w1,Y-2021,Human,Human,0.0,0.0,0
nb_2021-12-09#t5553w4,Y-2021,Human,Human,0.0,0.0,0
nb_2021-12-10#t5579w0,Y-2021,Human,Human,0.0,0.0,0
nb_2021-12-16#t5851w0,Y-2021,Human,Human,0.0,0.0,0
nb_2022-03-24#t6068w1,Y-2022,Human,Human,0.0,0.0,0
nb_2022-03-25#t6076w0,Y-2022,Human,Human,0.0,0.0,0
nb_2022-03-25#t6104w0,Y-2022,Human,Human,0.0,0.0,0
nb_2022-03-25#t6139w1,Y-2022,Human,Human,0.0,0.0,0
nb_2022-03-25#t6141w2,Y-2022,Human,Human,0.0,0.0,0
nb_2022-03-30#t6300w0,Y-2022,Human,Human,0.0,0.0,0
nb_2022-03-30#t6340w1,Y-2022,Human,Human,0.0,0.0,0
nb_2022-03-30#t6354w0,Y-2022,Human,Human,0.0,0.0,0
nb_2022-03-31#t6409w0,Y-2022,Human,Human,0.0,0.0,0
nb_2022-03-31#t6474w0,Y-2022,Human,Human,0.0,0.0,0
nb_2022-05-11#t6640w0,Y-2022,Human,Human,0.0,0.0,0
nb_2022-05-11#t6662w1,Y-2022,Human,Human,0.0,0.0,0
nb_2022-05-12#t6834w1,Y-2022,Human,Human,0.0,0.0,0
nb_2022-05-12#t6836w0,Y-2022,Human,Human,0.0,0.0,0
nb_2022-05-31#t7297w0,Y-2022,Human,Human,0.0,0.0,0
nb_2022-06-08#t7775w0,Y-2022,Human,Human,0.0,0.0,0
nb_2022-06-08#t7806w0,Y-2022,Human,Human,0.0,0.0,0
nb_2022-06-08#t7832w0,Y-2022,Human,Human,0.0,0.0,0
nb_2022-06-09#t7899w0,Y-2022,Human,Human,0.0,0.0,0
nb_2022-10-06#t8323w0,Y-2022,Human,Human,0.0,0.0,0
nb_2022-10-11#t8433w0,Y-2022,Human,Human,0.0,0.0,0
nb_2022-10-26#t8662w0,Y-2022,Human,Human,0.0,0.0,0
nb_2022-10-28#t8743w0,Y-2022,Human,Human,0.0,0.0,0
nb_2022-11-03#t9118w0,Y-2022,Human,Human,0.0,0.0,0
nb_2022-11-15#t9230w5,Y-2022,Human,Human,0.0,0.0,0
nb_2022-11-17#t9413w0,Y-2022,Human,Human,0.0,0.0,0
nb_2022-11-18#t9496w0,Y-2022,Human,Human,0.0,0.0,0
nb_2022-11-18#t9576w0,Y-2022,Human,Human,0.0,0.0,0
nb_2022-11-24#t9804w3,Y-2022,Human,Human,0.0,0.0,0
nb_2022-12-08#t10355w2,Y-2022,Human,Human,0.0,0.0,0
nb_2022-12-09#t10406w0,Y-2022,Human,Human,0.0,0.0,0
nb_2022-12-13#t10523w2,Y-2022,Human,Human,0.0,0.0,0
nb_2022-12-14#t10548w0,Y-2022,Human,Human,0.0,0.0,0
nb_2022-12-14#t10596w0,Y-2022,Human,Human,0.0,0.0,0
nb_2022-12-14#t10601w0,Y-2022,Human,Human,0.0,0.0,0
nb_2022-12-15#t10660w0,Y-2022,Human,Human,0.0,0.0,0
nb_2022-12-15#t10711w2,Y-2022,Human,Human,0.0,0.0,0
nb_2022-12-15#t10711w3,Y-2022,Human,Human,0.0,0.0,0
nb_2022-12-15#t10729w2,Y-2022,Human,Human,0.0,0.0,0
nb_2022-12-15#t10729w5,Y-2022,Human,Human,0.0,0.0,0
nb_2023-03-22#t10858w0,Y-2023,Human,Human,0.0,0.0,0
nb_2023-03-22#t10904w0,Y-2023,Human,Human,0.0,0.0,0
nb_2023-03-24#t10987w0,Y-2023,Human,Human,0.0,0.0,0
nb_2023-03-28#t11074w0,Y-2023,Human,Human,0.0,0.0,0
nb_2023-03-28#t11095w0,Y-2023,Human,Human,0.0,0.0,0
nb_2023-03-28#t11139w0,Y-2023,Human,Human,0.0,0.0,0
nb_2023-03-29#t11245w9,Y-2023,Human,Human,0.0,0.0,0
nb_2023-03-29#t11251w7,Y-2023,Human,Human,0.0,0.0,0
nb_2023-03-29#t11261w7,A8-transition-fd,Human,Human,0.0,0.0,0
nb_2023-03-29#t11269w0,A8-transition-fd,Human,Human,0.0,0.0,0
nb_2023-03-30#t11319w0,Y-2023,Human,Human,0.0,0.0,0
nb_2023-03-30#t11384w1,A8-transition-fd,Human,Human,0.0,0.0,0
nb_2023-03-30#t11389w2,Y-2023,Human,Human,0.0,0.0,0
nb_2023-05-10#t11631w2,A8-transition-fd,AI,AI,1.0,1.0,0
nb_2023-05-10#t11631w3,A8-transition-fd,Mixed,AI,0.0,1.0,1
nb_2023-05-10#t11631w4,A8-transition-fd,AI,Human,1.0,0.0,1
nb_2023-05-10#t11631w5,A8-transition-fd,AI,Mixed,1.0,0.3121878206729889,1
nb_2023-05-10#t11631w6,A8-transition-fd,Human,Human,0.0,0.0,0
nb_2023-05-10#t11631w7,A8-transition-fd,Human,Human,0.0,0.0,0
nb_2023-05-11#t11695w0,Y-2023,Human,Human,0.0,0.0,0
nb_2023-05-11#t11745w0,A8-transition-fd,AI,AI,1.0,1.0,0
nb_2023-05-11#t11774w0,A8-transition-fd,AI,AI,1.0,1.0,0
nb_2023-05-11#t11774w2,Y-2023,Human,Human,0.0,0.0,0
nb_2023-05-18#t12153w10,Y-2023,Human,Human,0.0,0.0,0
nb_2023-05-18#t12159w5,Y-2023,Human,Human,0.0,0.0,0
nb_2023-05-18#t12172w1,Y-2023,Human,Human,0.0,0.0,0
nb_2023-05-19#t12248w0,Y-2023,Human,Human,0.0,0.0,0
nb_2023-06-06#t12314w0,Y-2023,Human,Human,0.0,0.0,0
nb_2023-06-06#t12356w0,Y-2023,Human,Human,0.0,0.0,0
nb_2023-06-07#t12381w0,Y-2023,Human,Human,0.0,0.0,0
nb_2023-06-08#t12483w0,Y-2023,AI,AI,1.0,1.0,0
nb_2023-06-08#t12536w5,Y-2023,Human,Human,0.0,0.0,0
nb_2023-06-09#t12568w0,Y-2023,Human,Human,0.0,0.0,0
nb_2023-06-09#t12644w0,Y-2023,Human,Human,0.0,0.0,0
nb_2023-06-09#t12644w5,A8-transition-fd,Human,Human,0.0,0.0,0
nb_2023-06-13#t12656w0,A7-speech-llr,Human,Human,0.0,0.0,0
nb_2023-06-13#t12670w0,Y-2023,Human,Human,0.0,0.0,0
nb_2023-10-20#t13251w9,Y-2023,Human,Human,0.0,0.0,0
nb_2023-10-24#t13285w0,Y-2023,Human,Human,0.0,0.0,0
nb_2023-10-24#t13296w0,Y-2023,Human,Human,0.0,0.0,0
nb_2023-10-25#t13366w0,Y-2023,Human,Human,0.0,0.0,0
nb_2023-10-25#t13426w0,Y-2023,Human,Human,0.0,0.0,0
nb_2023-10-25#t13459w0,Y-2023,Human,Human,0.0,0.0,0
nb_2023-10-26#t13553w4,Y-2023,Human,Human,0.0,0.0,0
nb_2023-10-26#t13579w0,A6-lexicon,Human,Mixed,0.0,0.18331053853034973,1
nb_2023-10-26#t13583w2,Y-2023,Human,Human,0.0,0.0,0
nb_2023-10-31#t13656w0,Y-2023,Human,Human,0.0,0.0,0
nb_2023-11-01#t13765w1,Y-2023,Human,Human,0.0,0.0,0
nb_2023-11-02#t13802w0,Y-2023,Human,Human,0.0,0.0,0
nb_2023-11-02#t13829w0,Y-2023,Human,Human,0.0,0.0,0
nb_2023-11-02#t13834w0,Y-2023,Human,Human,0.0,0.0,0
nb_2023-11-02#t13868w3,Y-2023,Mixed,Human,0.0,0.0,1
nb_2023-11-03#t13954w0,A6-lexicon,Human,Human,0.0,0.0,0
nb_2023-11-21#t14102w0,Y-2023,Human,Human,0.0,0.0,0
nb_2023-11-22#t14123w0,Y-2023,Human,Human,0.0,0.0,0
nb_2023-11-23#t14308w0,A6-lexicon,Human,Mixed,0.0,0.6001188158988953,1
nb_2023-11-23#t14342w6,A6-lexicon,AI,Human,1.0,0.0,1
nb_2023-11-30#t14720w2,A8-transition-fd,AI,Human,1.0,0.0,1
nb_2023-11-30#t14730w1,Y-2023,Human,Human,0.0,0.0,0
nb_2023-11-30#t14741w0,Y-2023,Human,Human,0.0,0.0,0
nb_2023-11-30#t14748w5,Y-2023,Human,Human,0.0,0.0,0
nb_2023-12-01#t14834w1,A6-lexicon,Human,Human,0.0,0.0,0
nb_2023-12-05#t14907w0,Y-2023,Human,Human,0.0,0.0,0
nb_2023-12-05#t14931w1,A8-transition-fd,AI,Human,1.0,0.0,1
nb_2023-12-05#t14931w2,A8-transition-fd,Mixed,AI,0.0,1.0,1
nb_2023-12-05#t14931w4,A8-transition-fd,AI,AI,1.0,1.0,0
nb_2023-12-06#t14995w0,Y-2023,Human,Human,0.0,0.0,0
nb_2023-12-06#t15084w2,A6-lexicon,AI,Human,1.0,0.0,1
nb_2023-12-07#t15162w0,Y-2023,Human,Human,0.0,0.0,0
nb_2023-12-08#t15223w0,Y-2023,Human,Human,0.0,0.0,0
nb_2023-12-12#t15362w0,Y-2023,Human,Human,0.0,0.0,0
nb_2023-12-13#t15449w0,Y-2023,Human,Human,0.0,0.0,0
nb_2023-12-13#t15455w0,Y-2023,Human,Human,0.0,0.0,0
nb_2024-03-22#t15644w0,Y-2024,Human,Human,0.0,0.0,0
nb_2024-03-22#t15720w11,A8-transition-fd,AI,AI,1.0,1.0,0
nb_2024-03-27#t15913w1,A6-lexicon,Human,Human,0.0,0.0,0
nb_2024-03-27#t15944w3,Y-2024,Human,Human,0.0,0.0,0
nb_2024-03-27#t15954w0,Y-2024,Human,Human,0.0,0.0,0
nb_2024-03-27#t15954w1,Y-2024,Human,Human,0.0,0.0,0
nb_2024-03-27#t15979w10,Y-2024,Human,Human,0.0,0.0,0
nb_2024-03-27#t15979w2,Y-2024,Human,Human,0.0,0.0,0
nb_2024-03-27#t15979w5,Y-2024,Human,Human,0.0,0.0,0
nb_2024-03-28#t15987w0,Y-2024,Human,Human,0.0,0.0,0
nb_2024-03-28#t15996w0,Y-2024,Human,Human,0.0,0.0,0
nb_2024-03-28#t16099w2,Y-2024,Human,Human,0.0,0.0,0
nb_2024-05-07#t16123w0,A6-lexicon,AI,AI,1.0,1.0,0
nb_2024-05-07#t16143w0,Y-2024,Human,Human,0.0,0.0,0
nb_2024-05-07#t16172w0,Y-2024,Human,Human,0.0,0.0,0
nb_2024-05-07#t16227w1,Y-2024,Human,Human,0.0,0.0,0
nb_2024-05-09#t16460w0,A8-transition-fd,AI,AI,1.0,1.0,0
nb_2024-05-09#t16460w2,A8-transition-fd,AI,Mixed,1.0,0.5877110958099365,1
nb_2024-05-10#t16525w0,Y-2024,Human,Human,0.0,0.0,0
nb_2024-05-14#t16587w0,Y-2024,Human,Human,0.0,0.0,0
nb_2024-05-15#t16632w0,Y-2024,Human,Human,0.0,0.0,0
nb_2024-05-15#t16701w0,Y-2024,Human,Human,0.0,0.0,0
nb_2024-05-16#t16823w2,Y-2024,Human,Human,0.0,0.0,0
nb_2024-05-16#t16835w0,A7-speech-llr,AI,AI,1.0,1.0,0
nb_2024-05-16#t16835w1,A7-speech-llr,AI,AI,1.0,1.0,0
nb_2024-05-16#t16835w2,A7-speech-llr,Human,Human,0.0,0.0,0
nb_2024-05-16#t16835w3,A7-speech-llr,AI,Human,1.0,0.0,1
nb_2024-05-16#t16835w4,A7-speech-llr,Human,Mixed,0.0,0.42296651005744934,1
nb_2024-05-16#t16835w5,A6-lexicon,Human,Mixed,0.0,0.23764802515506744,1
nb_2024-05-16#t16835w6,A7-speech-llr,Human,Human,0.0,0.0,0
nb_2024-05-17#t16872w0,Y-2024,Human,Human,0.0,0.0,0
nb_2024-05-17#t16876w0,Y-2024,Human,Human,0.0,0.0,0
nb_2024-05-17#t16937w0,Y-2024,Human,Human,0.0,0.0,0
nb_2024-05-29#t17100w0,Y-2024,Human,Human,0.0,0.0,0
nb_2024-05-30#t17205w0,Y-2024,Human,Human,0.0,0.0,0
nb_2024-05-31#t17263w0,Y-2024,Human,Human,0.0,0.0,0
nb_2024-05-31#t17316w0,Y-2024,Human,Human,0.0,0.0,0
nb_2024-06-04#t17361w0,A6-lexicon,AI,AI,1.0,1.0,0
nb_2024-06-04#t17435w0,Y-2024,Human,Human,0.0,0.0,0
nb_2024-06-06#t17615w0,A6-lexicon,Human,Human,0.0,0.0,0
nb_2024-06-06#t17636w0,A6-lexicon,Human,Human,0.0,0.0,0
nb_2024-06-06#t17660w1,A8-transition-fd,AI,Human,1.0,0.0,1
nb_2024-06-06#t17660w2,Y-2024,Human,Human,0.0,0.0,0
nb_2024-06-07#t17680w0,Y-2024,Human,Human,0.0,0.0,0
nb_2024-06-07#t17720w0,Y-2024,Human,Human,0.0,0.0,0
nb_2024-06-07#t17772w2,Y-2024,Human,Human,0.0,0.0,0
nb_2024-11-20#t113w0,Y-2024,Human,Human,0.0,0.0,0
nb_2024-11-20#t59w0,Y-2024,Human,Human,0.0,0.0,0
nb_2024-11-22#t158w0,Y-2024,Human,Human,0.0,0.0,0
nb_2024-11-22#t169w0,Y-2024,Human,Human,0.0,0.0,0
nb_2024-11-22#t206w0,Y-2024,AI,Human,1.0,0.0,1
nb_2024-11-22#t207w0,Y-2024,Human,Human,0.0,0.0,0
nb_2024-11-22#t227w9,Y-2024,Human,Human,0.0,0.0,0
nb_2024-11-26#t246w0,Y-2024,Human,Human,0.0,0.0,0
nb_2024-11-26#t277w0,Y-2024,Human,Human,0.0,0.0,0
nb_2024-11-26#t295w0,Y-2024,Human,Human,0.0,0.0,0
nb_2024-11-27#t387w0,Y-2024,Human,Human,0.0,0.0,0
nb_2024-11-27#t430w2,Y-2024,Human,Human,0.0,0.0,0
nb_2024-11-28#t541w1,Y-2024,Human,Human,0.0,0.0,0
nb_2024-12-10#t567w0,Y-2024,Human,Human,0.0,0.0,0
nb_2024-12-10#t627w0,Y-2024,Human,Human,0.0,0.0,0
nb_2024-12-11#t719w2,Y-2024,Human,Human,0.0,0.0,0
nb_2024-12-11#t728w2,Y-2024,Human,Human,0.0,0.0,0
nb_2024-12-12#t831w5,Y-2024,Human,Mixed,0.0,0.46396633982658386,1
nb_2024-12-12#t842w5,Y-2024,Human,Human,0.0,0.0,0
nb_2024-12-13#t847w0,Y-2024,Mixed,Human,0.0,0.0,1
nb_2025-10-21#t2w6,B-decile-6,Human,Human,0.0,0.0,0
nb_2025-10-21#t4w1,B-decile-3,Human,Human,0.0,0.0,0
nb_2025-10-22#t100w0,B-decile-4,Human,Human,0.0,0.0,0
nb_2025-10-22#t102w1,A-consensus-2025,Human,Human,0.0,0.0,0
nb_2025-10-22#t102w16,B-decile-1,Human,Human,0.0,0.0,0
nb_2025-10-22#t18w0,A-consensus-2025,Human,Human,0.0,0.0,0
nb_2025-10-22#t22w0,A5-tail-union,Human,Human,0.0,0.0,0
nb_2025-10-22#t32w0,B-decile-1,Human,Human,0.0,0.0,0
nb_2025-10-22#t48w0,B-decile-1,Human,Human,0.0,0.0,0
nb_2025-10-22#t51w0,A5-tail-union,Human,Human,0.0,0.0,0
nb_2025-10-22#t81w0,B-decile-0,Human,Human,0.0,0.0,0
nb_2025-10-22#t93w0,A-consensus-2025,Human,Human,0.0,0.0,0
nb_2025-10-23#t104w0,A-consensus-2025,Human,Human,0.0,0.0,0
nb_2025-10-24#t107w0,A4-speaker,Human,Mixed,0.0,0.7258567214012146,1
nb_2025-10-24#t112w0,A7-speech-llr,AI,AI,1.0,1.0,0
nb_2025-10-24#t119w0,A3-fused,AI,AI,1.0,1.0,0
nb_2025-10-24#t139w0,B-decile-9,Human,Human,0.0,0.0,0
nb_2025-10-24#t150w0,B-decile-5,Human,Human,0.0,0.0,0
nb_2025-10-24#t159w0,A5-tail-union,Human,Human,0.0,0.0,0
nb_2025-10-24#t162w0,A-consensus-2025,Mixed,AI,0.0,1.0,1
nb_2025-10-24#t175w2,B-decile-5,Human,Human,0.0,0.0,0
nb_2025-10-24#t175w3,A2-fastdetect-tail,Human,Human,0.0,0.0,0
nb_2025-10-24#t178w1,A2-fastdetect-tail,AI,AI,1.0,1.0,0
nb_2025-10-24#t189w4,B-decile-2,Human,Human,0.0,0.0,0
nb_2025-10-28#t197w0,B-decile-0,Human,Human,0.0,0.0,0
nb_2025-10-28#t213w0,A5-tail-union,Human,Mixed,0.0,0.24227799475193024,1
nb_2025-10-28#t231w0,A3-fused,Human,Human,0.0,0.0,0
nb_2025-10-28#t254w0,A-consensus-2025,Human,Human,0.0,0.0,0
nb_2025-10-28#t256w0,A5-tail-union,Human,Human,0.0,0.0,0
nb_2025-10-28#t262w0,A5-tail-union,Human,Human,0.0,0.0,0
nb_2025-10-28#t280w1,B-decile-4,Human,Human,0.0,0.0,0
nb_2025-10-28#t288w5,B-decile-0,Human,Human,0.0,0.0,0
nb_2025-10-29#t305w0,A2-fastdetect-tail,AI,AI,1.0,1.0,0
nb_2025-10-29#t313w0,A4-speaker,Human,Human,0.0,0.0,0
nb_2025-10-29#t325w0,B-decile-2,Human,Human,0.0,0.0,0
nb_2025-10-29#t326w0,A4-speaker,Human,Human,0.0,0.0,0
nb_2025-10-29#t327w0,B-decile-2,Human,Human,0.0,0.0,0
nb_2025-10-29#t337w0,A-consensus-2025,Human,Human,0.0,0.0,0
nb_2025-10-29#t349w0,A5-tail-union,Human,Human,0.0,0.0,0
nb_2025-10-29#t352w0,B-decile-8,Human,Human,0.0,0.0,0
nb_2025-10-29#t359w0,B-decile-6,Human,Human,0.0,0.0,0
nb_2025-10-29#t361w0,A3-fused,Human,Human,0.0,0.0,0
nb_2025-10-29#t371w0,B-decile-1,Human,Human,0.0,0.0,0
nb_2025-10-29#t377w1,B-decile-6,Human,Human,0.0,0.0,0
nb_2025-10-29#t397w2,B-decile-2,Human,Human,0.0,0.0,0
nb_2025-10-29#t400w7,A5-tail-union,Human,Human,0.0,0.0,0
nb_2025-10-30#t427w0,A2-fastdetect-tail,Mixed,AI,0.0,1.0,1
nb_2025-10-30#t430w0,A-consensus-2025,AI,AI,1.0,1.0,0
nb_2025-10-30#t482w0,A5-tail-union,Human,Human,0.0,0.0,0
nb_2025-10-30#t491w0,A3-fused,Human,Human,0.0,0.0,0
nb_2025-10-30#t495w1,B-decile-2,Human,Human,0.0,0.0,0
nb_2025-10-30#t509w4,A5-tail-union,AI,Mixed,1.0,0.7032192945480347,1
nb_2025-10-30#t511w0,A5-tail-union,Human,Human,0.0,0.0,0
nb_2025-10-30#t515w1,B-decile-3,Human,Human,0.0,0.0,0
nb_2025-10-30#t531w0,A2-fastdetect-tail,Human,Human,0.0,0.0,0
nb_2025-10-30#t534w3,B-decile-4,AI,Mixed,1.0,0.4134981036186218,1
nb_2025-11-04#t543w0,A5-tail-union,Human,Human,0.0,0.0,0
nb_2025-11-04#t546w0,A2-fastdetect-tail,Human,Human,0.0,0.0,0
nb_2025-11-04#t551w0,A3-fused,Human,Human,0.0,0.0,0
nb_2025-11-04#t559w0,A4-speaker,AI,AI,1.0,1.0,0
nb_2025-11-04#t565w0,B-decile-2,Human,Human,0.0,0.0,0
nb_2025-11-04#t575w0,A5-tail-union,Human,Human,0.0,0.0,0
nb_2025-11-05#t615w0,B-decile-6,Human,Human,0.0,0.0,0
nb_2025-11-05#t632w0,A5-tail-union,AI,AI,1.0,1.0,0
nb_2025-11-05#t646w0,B-decile-1,Human,Human,0.0,0.0,0
nb_2025-11-05#t660w0,B-decile-7,Human,Human,0.0,0.0,0
nb_2025-11-05#t663w0,A5-tail-union,Human,Human,0.0,0.0,0
nb_2025-11-05#t680w2,A5-tail-union,Human,Human,0.0,0.0,0
nb_2025-11-05#t686w0,A-consensus-2025,Human,Human,0.0,0.0,0
nb_2025-11-05#t687w2,A-consensus-2025,AI,Human,1.0,0.0,1
nb_2025-11-05#t690w1,B-decile-9,AI,AI,1.0,1.0,0
nb_2025-11-05#t696w0,A3-fused,Human,Human,0.0,0.0,0
nb_2025-11-05#t701w0,A-consensus-2025,Human,Human,0.0,0.0,0
nb_2025-11-05#t710w0,A5-tail-union,Human,Human,0.0,0.0,0
nb_2025-11-05#t715w2,A5-tail-union,Human,Human,0.0,0.0,0
nb_2025-11-06#t747w0,A4-speaker,Human,Human,0.0,0.0,0
nb_2025-11-06#t753w0,A5-tail-union,Human,Human,0.0,0.0,0
nb_2025-11-06#t756w0,B-decile-0,Human,Human,0.0,0.0,0
nb_2025-11-06#t766w0,B-decile-5,Human,Human,0.0,0.0,0
nb_2025-11-06#t783w0,A5-tail-union,Human,Human,0.0,0.0,0
nb_2025-11-06#t785w0,A-consensus-2025,Human,Human,0.0,0.0,0
nb_2025-11-06#t790w0,B-decile-5,Human,Human,0.0,0.0,0
nb_2025-11-06#t792w0,A5-tail-union,Human,Human,0.0,0.0,0
nb_2025-11-06#t803w1,A2-fastdetect-tail,AI,AI,1.0,1.0,0
nb_2025-11-06#t805w4,A-consensus-2025,Human,Human,0.0,0.0,0
nb_2025-11-06#t835w0,A2-fastdetect-tail,Human,Human,0.0,0.0,0
nb_2025-11-06#t835w1,A4-speaker,Human,Human,0.0,0.0,0
nb_2025-11-06#t835w4,A4-speaker,Human,Human,0.0,0.0,0
nb_2025-11-06#t836w0,B-decile-2,Human,Human,0.0,0.0,0
nb_2025-11-07#t858w0,A3-fused,Human,Human,0.0,0.0,0
nb_2025-11-07#t896w0,B-decile-0,Human,Human,0.0,0.0,0
nb_2025-11-07#t907w0,A5-tail-union,Human,Human,0.0,0.0,0
nb_2025-11-07#t912w0,A3-fused,Human,Human,0.0,0.0,0
nb_2025-11-07#t914w0,B-decile-7,Human,Human,0.0,0.0,0
nb_2025-11-07#t915w0,B-decile-0,Human,Human,0.0,0.0,0
nb_2025-11-18#t1002w0,B-decile-8,Human,Human,0.0,0.0,0
nb_2025-11-18#t1014w2,B-decile-5,Human,Human,0.0,0.0,0
nb_2025-11-18#t1017w3,A2-fastdetect-tail,AI,AI,1.0,1.0,0
nb_2025-11-18#t1018w1,A5-tail-union,Human,Human,0.0,0.0,0
nb_2025-11-18#t922w0,A-consensus-2025,Human,AI,0.0,1.0,1
nb_2025-11-18#t938w0,A5-tail-union,Human,Human,0.0,0.0,0
nb_2025-11-18#t951w0,A5-tail-union,Human,Human,0.0,0.0,0
nb_2025-11-18#t954w0,A5-tail-union,Human,Human,0.0,0.0,0
nb_2025-11-20#t1098w0,A3-fused,Human,Mixed,0.0,0.2379286140203476,1
nb_2025-11-20#t1101w0,A3-fused,AI,AI,1.0,1.0,0
nb_2025-11-20#t1126w0,A5-tail-union,Human,Human,0.0,0.0,0
nb_2025-11-20#t1192w1,A2-fastdetect-tail,Human,Human,0.0,0.0,0
nb_2025-11-20#t1208w2,A4-speaker,Human,Human,0.0,0.0,0
nb_2025-11-20#t1215w1,B-decile-7,Human,Human,0.0,0.0,0
nb_2025-11-21#t1245w0,A5-tail-union,Human,Human,0.0,0.0,0
nb_2025-11-21#t1255w0,B-decile-9,Human,Human,0.0,0.0,0
nb_2025-11-21#t1269w0,B-decile-6,Human,Human,0.0,0.0,0
nb_2025-11-21#t1271w0,B-decile-2,Human,Human,0.0,0.0,0
nb_2025-11-21#t1276w0,B-decile-7,Human,Human,0.0,0.0,0
nb_2025-11-21#t1281w1,A3-fused,Human,Human,0.0,0.0,0
nb_2025-12-02#t1316w0,B-decile-4,Human,Human,0.0,0.0,0
nb_2025-12-02#t1317w0,B-decile-4,Human,Human,0.0,0.0,0
nb_2025-12-02#t1333w0,A-consensus-2025,Human,Human,0.0,0.0,0
nb_2025-12-02#t1342w0,B-decile-8,Human,Human,0.0,0.0,0
nb_2025-12-02#t1358w0,A5-tail-union,Human,Human,0.0,0.0,0
nb_2025-12-02#t1365w0,A-consensus-2025,AI,AI,1.0,1.0,0
nb_2025-12-02#t1369w3,B-decile-6,Human,Human,0.0,0.0,0
nb_2025-12-02#t1374w0,A5-tail-union,Human,Human,0.0,0.0,0
nb_2025-12-03#t1386w0,A3-fused,Human,Human,0.0,0.0,0
nb_2025-12-03#t1388w0,A5-tail-union,Human,Human,0.0,0.0,0
nb_2025-12-03#t1390w0,A5-tail-union,Human,Human,0.0,0.0,0
nb_2025-12-03#t1396w0,A5-tail-union,AI,AI,1.0,1.0,0
nb_2025-12-03#t1430w0,B-decile-2,Human,Human,0.0,0.0,0
nb_2025-12-03#t1439w0,A5-tail-union,Human,Human,0.0,0.0,0
nb_2025-12-03#t1441w0,A2-fastdetect-tail,AI,AI,1.0,1.0,0
nb_2025-12-03#t1447w0,A5-tail-union,Human,Human,0.0,0.0,0
nb_2025-12-04#t1466w0,A7-speech-llr,AI,AI,1.0,1.0,0
nb_2025-12-04#t1473w0,B-decile-9,Human,Human,0.0,0.0,0
nb_2025-12-04#t1477w0,A3-fused,AI,AI,1.0,1.0,0
nb_2025-12-04#t1492w0,A5-tail-union,Human,Human,0.0,0.0,0
nb_2025-12-04#t1509w0,B-decile-3,Human,Human,0.0,0.0,0
nb_2025-12-04#t1516w1,A-consensus-2025,AI,AI,1.0,1.0,0
nb_2025-12-04#t1550w1,A5-tail-union,AI,AI,1.0,1.0,0
nb_2025-12-05#t1565w0,A7-speech-llr,Human,Human,0.0,0.0,0
nb_2025-12-05#t1574w0,A-consensus-2025,Human,AI,0.0,1.0,1
nb_2025-12-05#t1595w0,A2-fastdetect-tail,Human,Human,0.0,0.0,0
nb_2025-12-05#t1622w0,B-decile-3,Human,Human,0.0,0.0,0
nb_2025-12-05#t1622w1,A3-fused,Human,Human,0.0,0.0,0
nb_2025-12-09#t1625w0,A5-tail-union,AI,AI,1.0,1.0,0
nb_2025-12-09#t1632w0,A4-speaker,AI,AI,1.0,1.0,0
nb_2025-12-09#t1639w0,B-decile-9,AI,AI,1.0,1.0,0
nb_2025-12-09#t1640w0,B-decile-7,Human,Human,0.0,0.0,0
nb_2025-12-09#t1645w0,B-decile-5,Human,Human,0.0,0.0,0
nb_2025-12-09#t1692w1,B-decile-2,Human,Mixed,0.0,0.1812414973974228,1
nb_2025-12-09#t1701w0,B-decile-1,Human,Human,0.0,0.0,0
nb_2025-12-09#t1702w0,B-decile-9,Human,Human,0.0,0.0,0
nb_2025-12-09#t1719w0,A-consensus-2025,Human,Human,0.0,0.0,0
nb_2025-12-10#t1730w0,A6-lexicon,AI,AI,1.0,1.0,0
nb_2025-12-10#t1736w0,A5-tail-union,Human,Human,0.0,0.0,0
nb_2025-12-10#t1743w0,A-consensus-2025,AI,AI,1.0,1.0,0
nb_2025-12-10#t1744w0,A-consensus-2025,Human,Human,0.0,0.0,0
nb_2025-12-10#t1759w0,A5-tail-union,Human,Human,0.0,0.0,0
nb_2025-12-10#t1766w0,A3-fused,Human,Human,0.0,0.0,0
nb_2025-12-10#t1767w0,B-decile-7,Human,Human,0.0,0.0,0
nb_2025-12-10#t1773w0,A5-tail-union,Human,AI,0.0,1.0,1
nb_2025-12-10#t1783w0,A-consensus-2025,AI,AI,1.0,1.0,0
nb_2025-12-10#t1790w0,A5-tail-union,Human,Human,0.0,0.0,0
nb_2025-12-11#t1802w0,B-decile-7,Human,Mixed,0.0,0.5079908967018127,1
nb_2025-12-11#t1803w0,A5-tail-union,AI,Mixed,1.0,0.0,1
nb_2025-12-11#t1804w0,B-decile-8,Human,Human,0.0,0.0,0
nb_2025-12-11#t1806w0,B-decile-7,Human,Human,0.0,0.0,0
nb_2025-12-11#t1813w0,A4-speaker,Human,Human,0.0,0.0,0
nb_2025-12-11#t1816w0,B-decile-1,Human,Human,0.0,0.0,0
nb_2025-12-11#t1817w0,B-decile-1,Human,Human,0.0,0.0,0
nb_2025-12-11#t1822w0,B-decile-3,Human,Human,0.0,0.0,0
nb_2025-12-11#t1848w0,B-decile-9,Human,Human,0.0,0.0,0
nb_2025-12-11#t1859w0,A6-lexicon,AI,AI,1.0,1.0,0
nb_2025-12-11#t1877w2,A-consensus-2025,Human,AI,0.0,1.0,1
nb_2025-12-11#t1904w0,B-decile-6,Human,Human,0.0,0.0,0
nb_2025-12-11#t1916w8,A-consensus-2025,Human,Human,0.0,0.0,0
nb_2025-12-12#t1971w0,A5-tail-union,Human,Human,0.0,0.0,0
nb_2025-12-12#t2018w0,A5-tail-union,Human,Human,0.0,0.0,0
nb_2025-12-12#t2026w1,A-consensus-2025,Human,Human,0.0,0.0,0
nb_2026-03-17#t2033w0,B-decile-5,Human,Human,0.0,0.0,0
nb_2026-03-17#t2035w0,A7-speech-llr,Human,Human,0.0,0.0,0
nb_2026-03-17#t2035w1,A7-speech-llr,Human,Human,0.0,0.0,0
nb_2026-03-17#t2035w2,A6-lexicon,Human,Mixed,0.0,0.18352940678596497,1
nb_2026-03-17#t2035w3,A7-speech-llr,Human,Human,0.0,0.0,0
nb_2026-03-17#t2037w0,A5-tail-union,Human,Human,0.0,0.0,0
nb_2026-03-18#t2043w0,A2-fastdetect-tail,AI,AI,1.0,1.0,0
nb_2026-03-18#t2047w1,B-decile-8,Human,Human,0.0,0.0,0
nb_2026-03-18#t2051w0,B-decile-1,Human,Human,0.0,0.0,0
nb_2026-03-18#t2064w0,B-decile-8,Human,Human,0.0,0.0,0
nb_2026-03-18#t2097w0,A5-tail-union,Human,Human,0.0,0.0,0
nb_2026-03-18#t2107w0,B-decile-9,Human,Human,0.0,0.0,0
nb_2026-03-18#t2129w0,A-consensus-2025,Human,Human,0.0,0.0,0
nb_2026-03-18#t2135w12,B-decile-1,AI,AI,1.0,0.8071766495704651,0
nb_2026-03-19#t2136w0,A5-tail-union,Human,Human,0.0,0.0,0
nb_2026-03-20#t2140w0,A3-fused,Human,Human,0.0,0.0,0
nb_2026-03-20#t2144w0,A-consensus-2025,AI,AI,1.0,1.0,0
nb_2026-03-20#t2159w0,A4-speaker,Human,Human,0.0,0.0,0
nb_2026-03-20#t2162w0,B-decile-8,Human,Human,0.0,0.0,0
nb_2026-03-20#t2201w0,B-decile-2,AI,AI,1.0,1.0,0
nb_2026-03-20#t2229w0,A6-lexicon,Human,AI,0.0,1.0,1
nb_2026-03-20#t2229w1,B-decile-5,Human,Mixed,0.0,0.413600891828537,1
nb_2026-03-24#t2246w0,B-decile-0,Human,Human,0.0,0.0,0
nb_2026-03-24#t2305w3,A-consensus-2025,AI,AI,1.0,1.0,0
nb_2026-03-24#t2307w2,A5-tail-union,Human,Human,0.0,0.0,0
nb_2026-03-24#t2311w0,B-decile-6,Human,Human,0.0,0.0,0
nb_2026-03-24#t2318w10,B-decile-3,Human,Human,0.0,0.0,0
nb_2026-03-24#t2318w3,B-decile-3,Human,Human,0.0,0.0,0
nb_2026-03-24#t2320w1,B-decile-5,Human,Human,0.0,0.0,0
nb_2026-03-24#t2321w2,A5-tail-union,Human,Human,0.0,0.0,0
nb_2026-03-24#t2322w4,A2-fastdetect-tail,Human,Human,0.0,0.0,0
nb_2026-03-24#t2322w8,B-decile-4,Human,Human,0.0,0.0,0
nb_2026-03-24#t2322w9,B-decile-3,Human,Human,0.0,0.0,0
nb_2026-03-24#t2323w3,B-decile-2,Human,Mixed,0.0,0.1505376398563385,1
nb_2026-03-24#t2327w3,A5-tail-union,Human,Human,0.0,0.0,0
nb_2026-03-24#t2329w0,B-decile-7,Human,Human,0.0,0.0,0
nb_2026-03-25#t2343w0,A6-lexicon,Human,Mixed,0.0,0.44290289282798767,1
nb_2026-03-25#t2346w0,B-decile-3,AI,AI,1.0,1.0,0
nb_2026-03-25#t2350w0,A5-tail-union,AI,AI,1.0,1.0,0
nb_2026-03-25#t2355w0,A4-speaker,Human,Human,0.0,0.0,0
nb_2026-03-25#t2363w0,B-decile-6,Human,Human,0.0,0.0,0
nb_2026-03-25#t2368w0,B-decile-0,Human,Human,0.0,0.0,0
nb_2026-03-25#t2389w0,B-decile-8,Human,Human,0.0,0.0,0
nb_2026-03-25#t2403w0,B-decile-5,Human,Human,0.0,0.0,0
nb_2026-03-25#t2412w0,B-decile-7,Human,Human,0.0,0.0,0
nb_2026-03-25#t2418w7,A5-tail-union,Human,Human,0.0,0.0,0
nb_2026-03-25#t2431w0,B-decile-4,Human,Human,0.0,0.0,0
nb_2026-03-25#t2442w0,A5-tail-union,Human,Human,0.0,0.0,0
nb_2026-03-25#t2449w0,B-decile-5,Human,Human,0.0,0.0,0
nb_2026-03-25#t2453w3,B-decile-3,Human,Mixed,0.0,0.4791524410247803,1
nb_2026-03-25#t2454w4,A4-speaker,Human,Human,0.0,0.0,0
nb_2026-03-26#t2462w0,A-consensus-2025,AI,AI,1.0,1.0,0
nb_2026-03-26#t2472w0,B-decile-3,Human,Human,0.0,0.0,0
nb_2026-03-26#t2495w0,A5-tail-union,Human,Human,0.0,0.0,0
nb_2026-03-26#t2519w0,B-decile-0,Human,Human,0.0,0.0,0
nb_2026-03-26#t2533w0,A7-speech-llr,Human,AI,0.0,1.0,1
nb_2026-03-26#t2545w3,A-consensus-2025,Human,Human,0.0,0.0,0
nb_2026-03-26#t2551w0,A-consensus-2025,AI,AI,1.0,1.0,0
nb_2026-03-26#t2552w4,A2-fastdetect-tail,Human,Human,0.0,0.0,0
nb_2026-03-26#t2554w4,B-decile-6,Human,Human,0.0,0.0,0
nb_2026-05-05#t2572w0,A6-lexicon,Human,AI,0.0,1.0,1
nb_2026-05-05#t2576w0,A4-speaker,Human,AI,0.0,1.0,1
nb_2026-05-05#t2580w0,A3-fused,Human,AI,0.0,1.0,1
nb_2026-05-05#t2582w0,B-decile-0,Human,AI,0.0,1.0,1
nb_2026-05-05#t2605w0,B-decile-8,Human,Human,0.0,0.0,0
nb_2026-05-05#t2615w0,B-decile-8,Human,Human,0.0,0.0,0
nb_2026-05-05#t2616w0,B-decile-9,Human,Human,0.0,0.0,0
nb_2026-05-06#t2644w0,A-consensus-2025,AI,AI,1.0,1.0,0
nb_2026-05-06#t2648w0,A5-tail-union,Human,AI,0.0,1.0,1
nb_2026-05-06#t2666w0,B-decile-9,Human,Human,0.0,0.0,0
nb_2026-05-06#t2693w0,B-decile-9,Human,Human,0.0,0.0,0
nb_2026-05-06#t2695w0,A5-tail-union,Human,Human,0.0,0.0,0
nb_2026-05-06#t2699w0,B-decile-0,Mixed,AI,0.0,1.0,1
nb_2026-05-06#t2700w0,B-decile-7,Human,AI,0.0,0.8390804529190063,1
nb_2026-05-06#t2703w0,A5-tail-union,AI,AI,1.0,1.0,0
nb_2026-05-06#t2732w0,A5-tail-union,Human,Human,0.0,0.0,0
nb_2026-05-06#t2742w1,B-decile-6,AI,AI,1.0,1.0,0
nb_2026-05-07#t2771w0,B-decile-4,Human,Human,0.0,0.0,0
nb_2026-05-07#t2790w0,B-decile-4,Human,Human,0.0,0.0,0
nb_2026-05-07#t2830w5,A5-tail-union,AI,AI,1.0,1.0,0
nb_2026-05-07#t2832w1,B-decile-8,Human,Human,0.0,0.0,0
nb_2026-05-07#t2847w1,B-decile-5,Human,Human,0.0,0.0,0
nb_2026-05-07#t2862w0,B-decile-0,Human,Human,0.0,0.0,0
nb_2026-05-07#t2871w3,A-consensus-2025,AI,AI,1.0,1.0,0
nb_2026-05-07#t2871w4,A6-lexicon,AI,AI,1.0,1.0,0
nb_2026-05-07#t2871w5,A5-tail-union,Human,Mixed,0.0,0.39267677068710327,1
nb_2026-05-08#t2891w0,B-decile-1,Human,Mixed,0.0,0.5494339466094971,1
nb_2026-05-08#t2909w0,A4-speaker,Human,AI,0.0,1.0,1
nb_2026-05-08#t2948w0,A5-tail-union,AI,AI,1.0,1.0,0
nb_2026-05-08#t2962w0,A5-tail-union,Human,Human,0.0,0.0,0
nb_2026-05-08#t2968w0,A5-tail-union,Human,Human,0.0,0.0,0
nb_2026-05-08#t2976w0,B-decile-1,Human,Human,0.0,0.0,0
nb_2026-05-08#t2991w0,A2-fastdetect-tail,Human,Human,0.0,0.0,0
nb_2026-05-08#t2992w0,A5-tail-union,Human,Human,0.0,0.0,0
nb_2026-05-13#t2998w0,A-consensus-2025,AI,Mixed,1.0,0.23961469531059265,1
nb_2026-05-13#t3056w0,B-decile-6,Human,Human,0.0,0.0,0
nb_2026-05-13#t3057w0,A5-tail-union,AI,AI,1.0,1.0,0
nb_2026-05-13#t3058w0,A-consensus-2025,AI,AI,1.0,1.0,0
nb_2026-05-13#t3063w0,A-consensus-2025,Mixed,Mixed,0.0,0.5407202243804932,0
nb_2026-05-13#t3072w1,B-decile-7,AI,AI,1.0,1.0,0
nb_2026-05-13#t3076w2,B-decile-8,AI,AI,1.0,1.0,0
nb_2026-05-13#t3081w0,A5-tail-union,Human,Human,0.0,0.0,0
nb_2026-05-13#t3084w0,B-decile-4,Human,Human,0.0,0.0,0
nb_2026-05-13#t3087w1,B-decile-9,Human,Human,0.0,0.0,0
nb_2026-05-13#t3095w5,A5-tail-union,Human,Human,0.0,0.0,0
nb_2026-05-14#t3100w0,A7-speech-llr,Human,Mixed,0.0,0.32083332538604736,1
nb_2026-05-14#t3111w0,A5-tail-union,AI,AI,1.0,1.0,0
nb_2026-05-14#t3160w0,A5-tail-union,AI,AI,1.0,1.0,0
nb_2026-05-14#t3166w1,B-decile-4,Human,AI,0.0,1.0,1
nb_2026-05-14#t3170w0,B-decile-4,Human,Human,0.0,0.0,0
nb_2026-05-14#t3171w0,B-decile-3,Human,Mixed,0.0,0.2578125,1
nb_2026-05-14#t3199w2,A6-lexicon,AI,AI,1.0,1.0,0
nb_SE#debate_response:Bill 23 and the integrity of:0,D-synthetic-se,AI,AI,1.0,1.0,0
nb_SE#debate_response:Diwali celebrations in New B:0,D-synthetic-se,AI,AI,1.0,1.0,0
nb_SE#debate_response:National Police Week and com:0,D-synthetic-se,AI,AI,1.0,1.0,0
nb_SE#debate_response:addiction treatment and ment:0,D-synthetic-se,AI,AI,1.0,1.0,0
nb_SE#debate_response:school bus breakdowns and st:0,D-synthetic-se,AI,AI,1.0,1.0,0
nb_SE#debate_response:thanking firefighters after :0,D-synthetic-se,AI,AI,1.0,1.0,0
nb_SE#debate_response:the 2026-27 capital budget o:0,D-synthetic-se,AI,AI,1.0,1.0,0
nb_SE#debate_response:the Mactaquac dam refurbishm:0,D-synthetic-se,AI,AI,1.0,1.0,0
nb_SE#debate_response:the Nursing Home Without Wal:0,D-synthetic-se,AI,AI,1.0,1.0,0
nb_SE#debate_response:the property assessment free:0,D-synthetic-se,AI,AI,1.0,1.0,0
nb_SE#members_statement:Bill 23 and the integrity of:0,D-synthetic-se,AI,AI,1.0,1.0,0
nb_SE#members_statement:Diwali celebrations in New B:0,D-synthetic-se,AI,AI,1.0,1.0,0
nb_SE#members_statement:National Police Week and com:0,D-synthetic-se,AI,AI,1.0,1.0,0
nb_SE#members_statement:addiction treatment and ment:0,D-synthetic-se,AI,AI,1.0,1.0,0
nb_SE#members_statement:school bus breakdowns and st:0,D-synthetic-se,AI,AI,1.0,1.0,0
nb_SE#members_statement:thanking firefighters after :0,D-synthetic-se,AI,AI,1.0,1.0,0
nb_SE#members_statement:the 2026-27 capital budget o:0,D-synthetic-se,AI,AI,1.0,1.0,0
nb_SE#members_statement:the Mactaquac dam refurbishm:0,D-synthetic-se,AI,AI,1.0,1.0,0
nb_SE#members_statement:the Nursing Home Without Wal:0,D-synthetic-se,AI,AI,1.0,1.0,0
nb_SE#members_statement:the property assessment free:0,D-synthetic-se,AI,AI,1.0,1.0,0
nb_SE#ministers_statement:Bill 23 and the integrity of:0,D-synthetic-se,AI,AI,1.0,1.0,0
nb_SE#ministers_statement:Diwali celebrations in New B:0,D-synthetic-se,AI,AI,1.0,1.0,0
nb_SE#ministers_statement:National Police Week and com:0,D-synthetic-se,AI,AI,1.0,1.0,0
nb_SE#ministers_statement:addiction treatment and ment:0,D-synthetic-se,AI,AI,1.0,1.0,0
nb_SE#ministers_statement:school bus breakdowns and st:0,D-synthetic-se,AI,AI,1.0,1.0,0
nb_SE#ministers_statement:thanking firefighters after :0,D-synthetic-se,AI,AI,1.0,1.0,0
nb_SE#ministers_statement:the 2026-27 capital budget o:0,D-synthetic-se,AI,AI,1.0,1.0,0
nb_SE#ministers_statement:the Mactaquac dam refurbishm:0,D-synthetic-se,AI,AI,1.0,1.0,0
nb_SE#ministers_statement:the Nursing Home Without Wal:0,D-synthetic-se,AI,AI,1.0,1.0,0
nb_SE#ministers_statement:the property assessment free:0,D-synthetic-se,AI,AI,1.0,1.0,0
nb_SE#qp_question:Bill 23 and the integrity of:0,D-synthetic-se,AI,AI,1.0,1.0,0
nb_SE#qp_question:Diwali celebrations in New B:0,D-synthetic-se,AI,AI,1.0,1.0,0
nb_SE#qp_question:National Police Week and com:0,D-synthetic-se,AI,AI,1.0,1.0,0
nb_SE#qp_question:addiction treatment and ment:0,D-synthetic-se,AI,AI,1.0,1.0,0
nb_SE#qp_question:school bus breakdowns and st:0,D-synthetic-se,AI,AI,1.0,1.0,0
nb_SE#qp_question:thanking firefighters after :0,D-synthetic-se,AI,AI,1.0,1.0,0
nb_SE#qp_question:the 2026-27 capital budget o:0,D-synthetic-se,AI,AI,1.0,1.0,0
nb_SE#qp_question:the Mactaquac dam refurbishm:0,D-synthetic-se,AI,AI,1.0,1.0,0
nb_SE#qp_question:the Nursing Home Without Wal:0,D-synthetic-se,AI,AI,1.0,1.0,0
nb_SE#qp_question:the property assessment free:0,D-synthetic-se,AI,AI,1.0,1.0,0
