id,text
gs000,"Madam Speaker, for generations, Canadian citizenship has been a symbol of pride, opportunity and belonging. It has been the envy of the world, a beacon of hope for those seeking freedom, safety and a better life. Countries around the globe have looked to Canada as a model for how to build a fair, compassionate and principled immigration system, but today, that reputation is destroyed. After a decade of Liberal government, Canadians are rightly concerned, not because of the newcomers who arrive here with hope in their hearts and a desire to contribute, but because of a government that has mismanaged our immigration system, neglected its responsibilities and introduced policies that dilute the very value of Canadian citizenship. In Kitchener Centre, residents are deeply frustrated by the federal government's failure to manage the international student program. What was once a pathway to great Canadian education has become a cautionary tale of neglect and mismanagement. Let us be clear. This failure is not the fault of our citizens or the students who came here in good faith. It is the government that failed to protect the integrity of our education system, and now our community is left to deal with the consequences. Many first- and second-generation immigrants in Kitchener have shared with me at their doors their deep frustration with the federal government's failed immigration policies. These are individuals and families who came to Canada with hope, worked hard, followed the rules and built lives rooted in contribution and community. Now they feel their reputations are being unfairly tarnished by a government that allowed this system to spiral into dysfunction. They deserve better than to be lumped in with the consequences of Liberal mismanagement. They deserve a government that honours their commitment and protects the integrity of Canadian citizenship. Let me be clear that this is not the fault of immigrants. It is the fault of a government that has broken the system. While the Liberals broke it, Conservatives will fix it."
gs001,"Mr. Speaker, I will be sharing my time with the member for Milton East—Halton Hills South. I am pleased to rise today to speak against this motion and in support of broadcasting systems that continue to invest in Canadian workers, Canadian creativity and Canadian economic growth. Despite the rhetoric we have heard today, this debate is not truly about the so-called streaming tax. In fact, it is about whether the global streaming giants, which earn substantial revenues from Canadian audiences, should contribute in a fair and reasonable way to the Canadian broadcasting and production ecosystem from which they benefit. That principle is neither radical nor new. For decades, companies participating in Canada's broadcasting system have contributed financially to the creation and presentation of the Canadian programming on which they rely. Those contributions helped build one of the most respected production sectors in the world. Today, Canada is internationally recognized as a major centre for film, television, animation and documentary production, in addition to digital and interactive media. Talented Canadians from coast to coast to coast work on productions viewed around the globe. Our studios are full, our crews are world-class, and our creators are winning international awards. This success did not happen by accident. It happened because successive governments and regulators understood that Canadian stories and Canadian production capacity matter economically, as well as culturally. The motion before the House, in my opinion, ignores that reality. It frames contributions to Canadian programming as though they are simply a burden or a penalty, but these contributions are investments. They are investments in jobs, infrastructure, intellectual property, skills development and economic activity across this country. Not only that, but expenditures on Canadian programming are not a punishment. They are not being asked to shovel money into a bottomless pit. We are asking them to invest in some of the best programming in the world. We are asking them to continue to make some of the great shows that we talked about here today: Shoresy, Heated Rivalry and North of North. We want more of that. They cannot argue that the programming being made in Canada is unworthy of their services."
gs002,"Safety cannot begin only after harm has occurred. It must be built into the system itself. Proactive and preventative measures save lives. Bill C-16 is one part of how we do better. It is not the only solution, but it is a necessary one. It reflects evidence, it reflects lived experience, and it reflects a commitment to ensuring that victim safety is not an afterthought but a priority. We are here not to accept violence as a fact of life but to prevent it where we can, respond to it where we must and ensure that it never goes unanswered, because we know that harm is predictable, and we also know that it is preventable. We owe that responsibility to survivors, to families and to communities across this country that deserve to feel safe in their homes and in their lives, and that is why I support the protecting victims act."
gs003,"If one operator is indemnified and another is not, the indemnified operator enjoys a powerful competitive advantage. Its risk profile drops, its financing costs fall, and its tolerance for failure increases. Its competitor, facing full commercial exposure, is placed at a structural disadvantage. Nothing in this bill would require indemnification to be offered on equal terms. Nothing would require similar risks to receive similar treatment. Nothing would require advanced disclosure to Parliament. Nothing would require public reporting afterward. This is not flexibility. That is state‑authorized market distortion. The political consequences of that structure are enormous. We already have a company operating in this space that has demonstrated financial instability and operational uncertainty. Under Bill C‑28, the same company could benefit enormously if indemnification is loosened or be severely harmed if that protection is tightened or withdrawn. In either case, the impact would be dramatic, but the decision would not be governed by rules set by Parliament. It would be by the politics of the day. If indemnification is loosened, taxpayers could be exposed to substantial and unquantified liability without ever knowing or realizing it. If it is withdrawn, a company could become commercially unviable almost overnight. In both cases, the consequences would be profound, yet the decision would occur behind closed doors. Taxpayers would not know what risks they were carrying. Parliament would not know what exposure it had approved. Only the minister would know. This is not transparency and accountability, and it is not responsible governance in a strategic sector involving public safety, national security and public money. When indemnification decisions are left entirely to ministerial discretion, they inevitably become political decisions. They are influenced by timing, urgency, pressure and optics. None of those is a substitute for law. This bill would effectively ask Parliament to assume that every minister under every political circumstance would exercise his or her power perfectly. History suggests otherwise. Laws exist precisely because judgment is imperfect and politics change. Taxpayers should never bear catastrophic risk as the result of decisions they cannot see, cannot measure and cannot challenge."
gs004,"Mr. Speaker, I rise in the House today to speak about an issue that demands not only our highest attention but also our sustained and collective action: violence against women and girls, and the protection of victims and survivors across Canada. Violence against women is not abstract. It is not rare. It is not confined to headlines or statistics. It is happening in our communities, in our neighbourhoods and too often behind closed doors. It affects women of all ages, backgrounds and regions, including in my riding of of Prescott—Russell—Cumberland. This is why the protecting victims act would represent one of the most significant and necessary updates to Canada's criminal justice system in generations. While broad in scope, the legislation can be clearly understood through four core pillars: first, tackling gender-based and intimate partner violence; second, protecting children from predators; third, strengthening victims' rights; and fourth, addressing court delays and strengthening system integrity. Together, these reforms would modernize the Criminal Code to respond to contemporary threats, intervene earlier to prevent violence and ensure that the justice system works faster, more fairly and more compassionately for victims and survivors. Gender-based violence is rarely an isolated act. It is more of a cycle of control, fear and intimidation. This bill recognizes coercive and controlling behaviour, strengthens offences related to criminal harassment and modernizes the offence of non-consensual distribution of an intimate image to reflect the real harm caused by online sexual violence. It also recognizes the most tragic outcome of this violence by classifying femicide as first-degree murder, sending a clear message. Hate crimes and gender-based crimes will face the full extent of the law."
gs005,"Mr. Speaker, I am so proud to rise today to speak in support of Bill C-13, legislation that would implement the United Kingdom's accession to the Comprehensive and Progressive Agreement for Trans-Pacific Partnership, or the CPTPP. At its core, this debate is about more than a trade agreement. It is about Canada's place in the world. It is about the kind of economy we are building and the opportunities we create for the people we are here to serve. Canada is, and has always been, a trading nation. From the very earliest days of our history, Canadians have looked outward, building relationships, forging partnerships and connecting our ideas, our talent and our resources with the world. Trade is not simply a policy choice for Canada. It is woven into the fabric of who we are and how we grow. In the modern era, Canada has shown extraordinary leadership in building a global network of high-standard trade agreements that open doors for our workers, our farmers, our entrepreneurs and our innovators. The CPTPP is one of the clearest examples of that leadership. When the future of this agreement was uncertain, Canada stepped forward. We worked with partners across the Pacific to preserve the ambition of the agreement and ensure that it remained a modern, high-standard framework for trade in the Indo-Pacific region. Because of that leadership, the CPTPP entered into force in 2018."
gs006,"Bill C-14 would also strengthen sentencing to ensure that penalties reflect the seriousness of repeat and organized crime. It would direct courts to treat as aggravating factors repeat violent offences, crimes against first responders, organized retail theft and fraudulent return schemes, and interference with essential infrastructure. It would also introduce consecutive sentencing for repeat break and enters and violent crime offences, with clear guidance to prioritize deterrence and denunciation for repeat and organized offences. Conditional sentences would be restricted for sexual assault and other sexual offences, particularly those involving victims under the age of 18. The bill would also restore driving prohibitions for manslaughter and criminal negligence causing death or bodily harm, would increase penalties for contempt and would improve fine-enforcement tools by working with provinces and territories. Locally, the Sunshine Coast RCMP, the Sunshine Coast Community Services Society and others play key roles in prevention, early intervention and support for victims and vulnerable individuals. Their work very much complements Bill C-14's goal of accountability by addressing the root causes of repeat offending through mental health supports, domestic violence prevention and community policing initiatives. Bill C-14, importantly, would accomplish all of these measures in compliance with the Charter of Rights and Freedoms. It would maintain judicial discretion and focus on the highest-risk patterns that affect our communities, including repeat violence, serious offences with weapons, organized criminal activity, as well as the repeat property crime that undermines community confidence."
gs007,"The truckers delivering groceries pay more for fuel. The farmers harvesting crops pay more for fuel. The manufacturers shipping goods pay more for fuel. Every added cost lands on the kitchen tables of ordinary Canadian families. That is the real-world consequence of expensive energy. This is not a theoretical economics discussion over a catered lunch in Ottawa. These are real families making painful decisions every single day. The government acts as though lowering fuel taxes would somehow break the economy. When Conservatives are calling for these tax breaks, we were not proposing another complicated subsidy program with more paperwork, more bureaucracy and more consultants billing taxpayers by the hour. We are simply saying that the government should stop taking so much money from Canadians in the first place and let them keep more of what they earn. That is the simplest form of relief possible. The government's job is not to stand at the gas pump with its hand out every time Canadians try to get to work. The Parliamentary Budget Officer said that the Liberals' temporary plan would only save the average household about $124 total. Canadians cannot run a family budget on symbolic gestures. Conservatives are proposing relief that would actually have impact. The Liberals simply do not want to give up the revenue. At the heart of this debate lies a very simple question: Who should keep that money? Should it remain in the pockets of the men and women who rise early, work long hours, drive trucks, build the homes, harvest the crops and keep this country moving, or should more of it flow to Ottawa, where the government has developed an endless appetite for spending but remarkably little interest in restraint?"
gs008,"For many Canadians, streaming is no longer a luxury. It is one of the few affordable forms of entertainment left. The government talks constantly about affordability. The Prime Minister himself campaigned on it, yet here we are: another tax, another cost, another burden placed on the backs of Canadians who are already carrying too much. Let us not pretend that this is the only one. It is the latest, in fact, in a long list of punitive measures from the Liberal government that, together, are squeezing Canadians in every direction. The cumulative weight of all these decisions lands on a family's kitchen table, and they feel it. Now let me turn to the longer-term damage, because this is where it truly gets serious. When we triple the tax on online streaming services, Canada becomes one of the most expensive operating jurisdictions in the entire world for streaming services; not the most expensive in the G7, not among the most expensive in the western world, but among the most expensive on earth. What does that signal to investors? What does that say to a company sitting in a boardroom in Los Angeles, London or Seoul, deciding where to put its next production studio, its next animation facility or its next regional headquarters? It says Canada is expensive. It says Canada is unpredictable. Canada is harder to do business in. I want to give the House a concrete example of exactly what is at stake here, because I think sometimes these debates can feel abstract. Let me make it tangible. Netflix recently opened Netflix Animation Studios in Vancouver. That facility created more than 450 good-paying jobs. It brought significant investment to British Columbia. It put Canadian artists, animators and storytellers to work doing world-class creative work right here at home. That is exactly the kind of investment we should be encouraging. That is exactly the kind of economic activity we should be competing to attract."
gs009,"One of the greatest harms of this motion is not legal, but social. It invites Canadians to fear reconciliation. That is not leadership. Many Canadians were not taught about treaties or unceded land, but a lack of education is not an excuse for the Conservatives' spreading misinformation now. Leadership means explaining complexity, not exploiting it for fundraising opportunities. Let us be serious. We can protect private property. We can advance aboriginal title and rights. We can do both without reopening the Constitution as this motion proposes because, frankly, we do not have time for a constitutional wrangling exercise. Canadians want homes built, projects approved and the economy growing. We can do that right now within our existing constitutional framework. Hope is not a plan and nostalgia is not a strategy. If the Conservatives ever hope to lead, they will need to learn how to work with all Canadians, including indigenous partners. That means quitting the fearmongering, quitting the misinformation, starting to learn and starting to build relationships. They need to recognize that reconciliation and economic growth are not opposites. They are partners when done properly. I will close where I began. To Canadians watching today, they still own their home and they can still renovate it, and our government is fully committed to protecting their property rights. In indigenous treaty or agreement discussions, private property is not on the table. It is not today and it will not be tomorrow. What we are doing is building a stronger, more honest, more stable foundation for coexistence and prosperity. What is on the table is whether this House chooses clarity over chaos, unity over division and serious governance over fear-based politics."
gs010,"Let me begin with the middle-class tax cut. Canada's personal tax system is structured on the principle of progressivity: Those who earn more pay a higher share. However, even within this structure, we know that relief at the lowest tax bracket has the widest reach. That is why we are reducing the lowest federal personal income tax rate from 15% to 14%, a change that would directly benefit nearly 22 million Canadians. To put this into perspective, with the full effect of this measure taking hold, individuals would save up to $420, and two-income families would see up to $840 in tax relief. That is not just a number. It is tangible, meaningful relief. We are not waiting to act. The Canada Revenue Agency would update its deduction tables by July 1, 2025, ensuring that paycheques reflect this change immediately. This means more money in people's pockets now, not just next year during tax season. Lowering the tax rate is not just a fiscal move. It is a statement of principle. It sends a clear signal. This government is taking action so that Canadians can take care of what matters most: their families, their future and their peace of mind. For far too many Canadians, the dream of owning their first home has become a distant and daunting goal. The soaring prices and limited availability in our housing market have created barriers that seem insurmountable. We understand all too well the deep frustration and disappointment felt by those who have worked tirelessly, scrimping and saving for years, only to find that their hard-earned savings still fall short of turning their hopes into reality. That is why Bill C-4 introduces the first-time homebuyer GST rebate, a bold and transformative measure designed to lift a significant barrier for those striving to enter the housing market."
gs011,"Mr. Speaker, it is time to speak plainly today, because families in Surrey and across Canada deserve the plain truth, not another round of empty words from Ottawa. Over the past months, as I have met with business owners and families across Surrey, Cloverdale, Clayton and Langley City, the conversations have been sobering. Everywhere I go, people lower their voices, look over their shoulder and tell me the same thing: “Tamara, we don't feel safe anymore.” Not long ago, I hosted a small business round table in my office with several local business owners. One of them runs a handful of small restaurants in Surrey, family-run places where the food is good, the staff knows people's names and the community keeps them alive. He sat across from me, hands folded the way people do when they are trying to stay composed, and I asked him how things were going. He took a moment and said that staff had been followed to their cars, that they had had threats, that they were watching the parking lot instead of customers and that this was not how he wanted to run his business. He was not angry, nor dramatic; he was simply describing the quiet fear that has settled over too many hard-working families in our community, families that came here believing Canada was safe, stable and full of opportunity. He was sad, and that should trouble every single one of us, because what he described is not normal. It is not the Canada that we built. It is not the future we intend to hand down to our children and grandchildren. Surrey is facing something no community should ever face. We have seen extortion-related shootings at banquet halls, restaurants, insurance offices and family homes. We have seen respected businessmen murdered. We have seen houses shot at twice in the same week because criminals felt confident enough to return. In neighbourhoods like Cloverdale, neighbourhoods that once symbolized calm, quiet and safety, families are now installing cameras, reinforcing doors and staying home instead of accepting invitations to birthdays and family gatherings. This is not how Canadians should live."
gs012,"We cannot build national prosperity on catchphrase-filled press releases. We build it on a stable, bankable framework that gets things approved and built, like pipelines, power lines, LNG terminals, critical mineral processing and housing at scale. Conservatives have been saying this for years. We have actually invited the Liberal government to steal our ideas. The offer is still open, because clearly they still do not know what they are doing. The Prime Minister said Canadians would judge him at the grocery checkout. In Middlesex—London they have, and the verdict is not good. By the end of summer, headline inflation was 1.9%, but food inflation was 3.5%, year over year, still outpacing the overall basket. Meat rose by 7.2% and beef was up 12.7%, compared to last year. We cannot view food inflation as a graph. It is supper, and the portions are getting smaller. This is after years of compounded increases. Let us put this in family dollar terms. In 2025, a typical family of four is expected to spend about $16,800 and change on food, which is up roughly $802 from last year. Over the past several years, the cumulative climb is now in the thousands of dollars. Many families describe it as hundreds more each year, with the steepest jump happening right now. In Ontario, staples keep getting higher. Sirloin is up 33%; canned soup is up 26%, coffee 22% and sugar 20% in recent months. A rebate cheque is not a food policy. A school meal press release does not reduce the price of groceries for a two-income family just trying to keep the lights on and gas in the car. When government policy drives up costs then offers taxpayers their own money back, that is not help; it is a headline. If the Liberals let people keep more of their own money, they would not have to play saviour and feed their kids for them. They created the problem, and now they want us to pat them on the back and say “good job” for refusing to fix it."
gs013,"Public safety is the first duty of government. The very first duty of any government is to keep its citizens safe. Everything else, our prosperity, our freedoms and our sense of community, depends on that foundation. The Liberals have neglected that duty. They have chosen ideology over common sense. They have chosen to prioritize repeat offenders over the safety of ordinary Canadians, and Canadians are paying the price. However, Conservatives are offering a different path: a path where dangerous repeat offenders are held accountable; a path where police officers are supported, not undermined; and a path where business owners, parents and seniors can feel safe again in their communities. That path starts when we scrap Liberal bail. It is important to remember that bail was never meant to be automatic. The original intent of bail was to balance two things: the presumption of innocence and the protection of society. When someone posed a clear risk to the community, bail was never supposed to be granted. What the Liberals have done is strip away that balance. They have tilted the system so heavily in favour of offenders that the protection of society has been forgotten. That is why Canadians are seeing violent repeat offenders back on the street time and time again. That is why victims are losing faith. That is why police are calling for change. To restore the balance, we must return to common sense, and that means it is time to scrap Liberal bail. I return to the words of my constituent, the small business owner who told me she is afraid to walk outside at night. That fear should never be normal in Canada. I also return to the words of Chief Jamie Blunden, who told me that police chiefs across the country support the bill. When citizens and law enforcement are both calling for the same thing, the House has a duty to act."
gs014,"Canadians should never have to fear prosecution for quoting the Bible, teaching its doctrine or discussing scriptures in good faith. The Liberal-Bloc amendment in Bill C-9 would remove the current defence for good-faith religious opinion and opinion based on religious text as hate propaganda. This is not some abstract concern. Christians see exactly what it means. It means the government is willing to look at our faith and our biblical scriptures through the lens of criminality. That is a line we must never cross. Broad speech laws rarely remain limited to the extreme cases used to justify them. They begin there and expand outward into lawful disagreement or contentious public matters. Once the government is given broader power to regulate expression, that power seldom stays confined to real threats, violence or criminal incitement. It starts to extend into ordinary democratic discussion in which Canadians are speaking in good faith about real issues. Canadians should never have to wonder whether taking a clear position on a major public issue could place them under legal suspicion. A free society does not build confidence in the law that way. Parliament should punish actual crimes and protect space for lawful debate on the questions that will determine this country's direction. This is why the bill presents such a clear and serious danger. It goes beyond stopping violent acts. It opens the door for what is lawful expression, religious belief and principled disagreement today to be criminalized. The House should not permit that. Conservatives are not defending violence, threats, intimidation or genocide. Those acts are already crimes. The Criminal Code already bans advocating genocide; it already bans public incitement of hatred likely to lead to a breach of the public peace, and it already bans wilful promotion of hatred. The question before us is not whether real criminal hate should be punished. It already can and should be. The question is whether the Liberal government is using real criminal hatred as a reason to widen the law into speech, belief, emotion and motive."
gs015,"This legislation is about unleashing Canadians' potential, telling the entrepreneurs across Canada that their government believes in them and is giving them the tools to succeed. Supporting this act means supporting engineers perfecting rocket engines in Sherbrooke, construction workers building launch pads in Nova Scotia, communities that will grow around Canada's spaceport, and every scientist, technician and innovator ready to write the next chapter of our space story. All that remains is for this House to say yes, to ignite the innovation engine, empower Canadian entrepreneurs and ensure that the next rocket to leave Canadian soil carries the full weight of Canadian law, Canadian ambition and Canadian pride. Canada's innovators and economy are ready for us to finally take to the stars, on our own terms, and I am happy to see that happening."
gs016,"Bill C-16 would also address the most extreme manifestation of gender-based violence: the killing of women because they are women. By explicitly naming and recognizing femicide in the Criminal Code, the bill would acknowledge that women and girls are disproportionately killed in specific contexts, including intimate partner violence, sexual violence, exploitation and hate-motivated attacks. Naming femicide matters. It makes visible a reality that has too often been obscured and affirmed: These killings are not random tragedies but are systemic failures that demand accountability. The bill would ensure that murders occurring in these circumstances are treated as first-degree murder. It would also require judges, when sentencing for manslaughter in the same context, to consider penalties equivalent to second-degree murder, including life imprisonment and parole ineligibility for 10 to 25 years. Importantly, Bill C-16 also recognizes that gender-based violence increasingly occurs through technology. The rise of sexually explicit deepfakes, sextortion and online harassment has created new avenues for abuse, particularly targeting women and girls. These forms of violence can destroy reputations, livelihoods and mental health, and they often silence victims through shame and fear. The bill would address these gaps by clarifying that non-consensual distribution of intimate images includes realistic deepfakes, as well as by criminalizing threats to distribute such materials and by increasing penalties for these offences. These measures would complement existing Government of Canada initiatives aimed at addressing online harms and protecting digital safety, particularly for young people. The bill would also modernize the offence of criminal harassment. Data shows that striking and harassment are common precursors to serious violence, yet the current requirement to prove a victim's subjective fear has made early intervention difficult. Further, Bill C-16 proposes reforms to the Canadian Victims Bill of Rights to better protect victims and expand access to testimonial aids for adult victims of intimate partner violence, sexual offences and criminal harassment, offences that disproportionately affect women and girls. These measures would improve justice system outcomes for victims by recognizing that court procedures themselves can be retraumatizing and that supporting meaningful participation is essential to justice."
gs017,"Madam Speaker, it is an honour to rise again in this chamber on behalf of the people of Vaughan—Woodbridge. Today, we are debating Bill C-10, the commissioner for modern treaty implementation act. The bill would create a new officer of Parliament supported by a new federal office, with a mandate to review and audit how federal departments implement modern treaties. The commissioner would examine the performance of government institutions and present findings in Parliament. The stated goal is to improve how Canada lives up to its obligations under modern treaties. The bill is presented as a measure in the federal action plan to implement UNDRIP and respond to a long-standing frustration that Canada often signs agreements and then fails to deliver on them. Those frustrations are very real. Conservatives recognize that. We support treaty rights and reconciliation. We support self-determination and self-government for first nations, Inuit and Métis. We do not question the sincerity of indigenous partners who see the bill as a way to hold Ottawa accountable. Our concern is that Bill C-10 answers a problem of implementation with more bureaucracy and less accountability. We need accountability in the government to actually meet our treaty obligations. To understand why that matters, it is worth recalling where modern treaties come from and what they are meant to fix. Treaty rights in Canada go back to the earliest relationships between the Crown and indigenous nations, through the Royal Proclamation of 1763, the historic peace and friendship treaties, and the numbered treaties that cover much of western and northern Canada. Those treaties, however imperfectly honoured, are recognized and affirmed in section 35 of the Constitution Act, 1982. In many parts of the country, indigenous title and rights were never resolved by historic treaties. That is why the Supreme Court's decision in 1973 was so important. The court recognized indigenous title in Canadian law and forced the federal government to move from denial to negotiation. That decision opened the modern treaty era and led to the first modern treaty, the James Bay and Northern Quebec Agreement of 1975."
gs018,"In many of these countries, privacy had once been non-existent. Information was power, and that power had too often been abused. Surveillance was used to silence dissent. Trust in public institutions had been deeply damaged, and though democracy had arrived, the scars of its absence lingered. In some places, people were still afraid to speak freely, still hesitant to believe that the change was permanent. It was there, in conversations with small business owners, young reformers and cautious civil servants, that I saw the true cost of lost public trust. Once trust is broken, it takes generations to rebuild. When I returned to Canada, I brought those lessons home with me, into my business, my community and eventually into public service. I later had the honour of serving as a cabinet minister in Saskatchewan's provincial government, in which I was responsible for portfolios on economy, trade and innovation. That experience deepened my belief that when government works well, it creates opportunity, not barriers, for people to grow, contribute and succeed. I reflect on all of this when I consider part 4 of Bill C-4, which addresses the question of how privacy laws apply to federal political parties. At face value, this provision seems narrowly focused. It would retroactively assert that provincial privacy laws do not apply to federal political parties, reinforcing exclusive federal jurisdiction. However, beneath this technical language lies a more profound question about the relationship between citizens and their democratic institutions. When Canadians provide their personal information to political parties, whether signing up for a newsletter, attending a town hall or simply expressing support, they are placing trust in us. They expect that information to be treated with care, confidentiality and respect. When that expectation is not met, the harm is not just legal or administrative. It is democratic. The bill may clarify federal jurisdiction, but it also takes provincial privacy commissioners out of the picture. These offices have built strong, effective systems to address complaints and hold organizations accountable. By removing that layer of oversight, we risk weakening the transparency and trust that Canadians expect and deserve."
gs019,"I would say to the auto workers across Canada that Conservatives see them. We understand what is happening, and we are fighting for them. They are not alone. I, alongside my Conservative colleagues, will always stand up for our auto industry, and let me be clear: This is not just about an industry. It is about the thousands of families and other Canadians who depend on this sector's prosperity. A country that cannot build its own cars, maintain its production and create more jobs is a country that has lost control of the future. Canada can be a manufacturing powerhouse again. We have the workers, the resources and the history. What we need now is the leadership. That is what the motion represents, that is what the plan would deliver and that is why I urge all members of the House to support our motion, not only for my community but for our workers and the future of Canada's auto industry."
gs020,"Mr. Speaker, Bill C-15 is more than a budget bill. It is the government's attempt to convince Canadians it has a road map for the future. However, when we study what is inside this legislation, we see the same pattern that has been holding Canada back for years now: big promises, vague plans, new bureaucracies and no real path to get anything built or to keep our country secure. That is why the issues I am about to raise are not side notes; they are symptoms. What we see in this bill mirrors what we are seeing in our major projects, our national defence and our relationship with the United States. There is confusion where we need clarity, more bureaucracy where we need action and politics where we need common sense. If Canadians want to understand the gap between the government's promises and its performance, they do not have to look far. Take, for example, the much-celebrated pipeline deal between Alberta and Ottawa. It is clear that this deal is going to be handcuffed by the new bureaucracy created in Bill C-15. If Canadians only read the headlines, they would think Canada was already breaking ground, that the steel was ordered, workers were hired and the future was finally on its way. However, hope is not a plan. When we actually sit down and read the six-page memorandum of understanding, we do not come away feeling inspired. We come away wondering how something this confusing could ever lead to a single inch of pipe in the ground. The memorandum says that approving and starting construction on the pipeline is a prerequisite for moving ahead with the Pathways carbon capture project. Then, on the very next line, it says the Pathways project is a prerequisite for approving and building the pipeline. Two things cannot be prerequisites for each other. It is like trying to tell Canadians they cannot start the car until the engine is running, and the engine will not run until the car starts."
gs021,"These are not isolated measures; they are part of a clear plan to bring immigration back to a sustainable path, lessen pressures on our communities and keep the system focused on Canada's needs. Canadians can trust that the plan is working. This work continues under the 2026‑2028 immigration levels plan and our main estimates. Together, they demonstrate that the government's immigration plan and its fiscal plan are aligned, with lower levels, strengthened integrity and funding allocated to where it will have the greatest impact. For fiscal year 2026‑27, Immigration, Refugees and Citizenship Canada's main estimates total $4.42 billion, a decrease of 15% from the previous year. These main estimates reflect a disciplined approach to immigration spending. They align resources with lower immigration levels, the phasing out of temporary measures and the government's broader commitment to reduce spending, improve productivity, and focus on core priorities. Fiscal discipline does not mean stepping away from the department's core responsibilities. These estimates continue to fund the essential work of managing migration, supporting newcomers, strengthening system integrity and improving service. They also support the planning and partnership that keep immigration organized and sustainable, including the implementation of Canada's multi-year immigration level plan and the Canada–Québec Accord. They include limited temporary health care coverage to eligible people and help for provinces and municipalities responding to temporary housing pressures linked to asylum claims. These supports help Canada meet its humanitarian obligations, support partners on the ground and help newcomers settle, contribute and reach their full potential in Canada. They help maintain the asylum system in Canada, including work to strengthen system integrity and maintain processing capacity. They improve service through modernized digital tools. The lower funding profile reflects our responsible approach, reducing where volumes are lower, where temporary measures are ending and where programs can be delivered more efficiently."
gs022,"Scarborough Southwest is not just the riding I represent. It is the community that raised me, shaped my values and showed me what that promise means. Our community has been built by people from all walks of life who have been united by the belief that Canada offers a fair shot at a better life. However, right now, for too many, that promise seems out of reach. Many are working multiple jobs and are forced to stretch every single dollar just to get by. Affordability is not abstract in Scarborough Southwest. It is the painful choice of paying rent over buying groceries. It is kids saving on TTC fare by walking. It is prescriptions being left unfilled. It is the stressful calculation of cost after every paycheque to see if anything is left at the end of the month. This is why, over the past year, our new Liberal government has recognized that Canadians need immediate relief from these challenges and a long-term plan to build a stronger, more resilient economy. This is why our record on affordability matters. Recent measures like the Canada groceries and essentials benefit, which will help millions of Canadians, the temporary pause on the federal fuel excise tax, and the strengthening of consumer protections are just some of the steps our government has taken to keep money in the pockets of hard-working Canadians. Affordability is also about lowering costs over time, creating good-paying jobs, fighting tariffs while strengthening and diversifying our economy, and giving families more security for the future. Our investments in infrastructure, more homes at lower costs, skilled trades, innovation and the critical sectors will shape our economy for decades. These measures address people's everyday challenges while renewing Canada's promise to future generations. As we speak about Canada's future, we must also speak honestly about the world around us. In what is perhaps the most consequential speech of our time, the Prime Minister accurately stressed that Canada must be “both principled and pragmatic”: principled in our commitment to international law and human rights, and pragmatic in recognizing the world as it is, not as we wish it to be."
gs023,"If someone were to ask my constituents a simple question, would they rather have a plan that delivers about 25¢ a litre of relief for the rest of this year or a plan that delivers about 10¢ a litre for a few months, especially when higher prices mean that Ottawa collects more GST and corporate tax revenue, most Canadians would know the answer right away. They would prefer our plan. The question today before the House is whether we will do what Canadians need, not partially, temporarily or halfway, but with a plan that lowers costs across the economy and protects Canadians from price shocks beyond their control. Suspending only a small part of the tax temporarily while leaving these other federal charges and regulations in place is not a full solution. The Conservative official opposition proposes that we can and should do the following: Suspend all federal fuel excise tax and GST on gas and diesel and permanently eliminate the so-called clean fuel standard and the industrial carbon tax. If we take these steps, we could deliver meaningful and immediate relief at the pumps and reduce inflationary pressure throughout the supply chain. Why does fuel matter so much? Virtually everything in our Canadian economy moves by commercial trucking at some point in the delivery chain: goods, groceries, building supplies and services. If it moves, it usually moves on a truck. When fuel costs rise, shipping costs rise, and when shipping costs rise, the price of what Canadians buy rises. That is how inflation gets embedded in day-to-day life. It is not just trucking. Aviation, marine shipping and rail depend on fuel, as well as mines, forestry operations, major construction sites and heavy-duty equipment. Fuel is the major input cost across our entire economy. If we are serious about finding solutions to affordability, we cannot treat fuel costs as a small or isolated issue. Fuel costs drive the cost of living."
gs024,"We are creating an economy by Canadians for Canadians and the budget implementation act is a key part of this work. From building more homes and expanding clean electricity to upgrading the infrastructure that growing communities rely on every day, this budget would deliver investments that will shape Canada's future for decades to come. For instance, the new building communities fund would support provinces, territories and municipalities as they strengthen the roads, water systems, transit and health facilities that underpin a strong economy. A dedicated $5-billion health infrastructure fund would help ensure hospitals, emergency rooms, urgent care centres and medical schools in communities like mine and across the country have the health infrastructure required to meet the needs of Canadians. I encourage provinces and territories to seize these opportunities to invest in the infrastructure essential to building the strong foundation our economy needs. However, building a strong foundation for our economy also requires a tax system that rewards investment, accelerates innovation and strengthens Canada's competitiveness. That is why the budget implementation act advances a focused tax strategy to supercharge productivity and attract new capital. It would introduce a productivity superdeduction, enhancing incentives that would allow businesses to immediately write off a larger share of new capital investments, helping them invest and grow. This would include the reinstated accelerated investment incentive and a 100% first-year writeoff for investments in manufacturing and processing equipment, clean energy technologies, zero-emission vehicles, productivity-enhancing assets, and scientific research and experimental development. Our government knows that innovation and scientific discovery are the foundation of long-term economic growth. Science fuels innovation and innovation fuels productivity, helping Canada stay competitive in a fast-changing global economy. That is why we would also strengthen the scientific research and experimental development tax incentive program by increasing expenditure limits, restoring the eligibility of SR and ED capital expenditures and expanding eligibility to more Canadian firms. All told, these additional government investments of $440 million on an ongoing basis are expected to generate near $1.2 billion in economic output each year, about a three-time return for Canada's economy."
gs025,"Mr. Speaker, I rise today to speak about a matter that goes beyond the very foundation of this country: the relationship between the Crown and indigenous peoples. That relationship is defined not only by our history, but by our honour. It is tested not by words or new offices, but by actions. It is measured not by the number of new bureaucracies we create, but by the commitments we fulfill and the promises we keep. For decades, governments have spoken of reconciliation, yet reconciliation without accountability remains a broken promise. The Liberal government’s proposed Bill C-10, an act respecting the commissioner for modern treaty implementation, simply provides cover for its decade-long history of broken promises to indigenous peoples. The new office of the treaty commissioner would tell us nothing that the Office of the Auditor General and many indigenous leaders have already told us: that the government continues to fail. I want to speak plainly about where we are in implementing modern treaties in Canada, what progress has been made, where failures persist and how we can fix the system without creating another costly bureaucracy at a time when taxpayers can ill afford it. However, before we discuss implementation, it is important to define what we mean by modern treaties and self-government treaties. A modern treaty is a comprehensive land claims agreement negotiated between a first nation, Inuit or Métis group and the Crown, which means the federal government and sometimes provincial governments, that settles outstanding aboriginal rights and land claims. The purpose of a modern treaty is to resolve long-standing disputes over land ownership, resource rights and governance in a defined territory. The scope of a modern treaty can include land, resources, financial compensation and governance rights, and it often incorporates self-government provisions. However, not all modern treaties are full self-government agreements. Once implemented, modern treaties are enforceable by federal law and generally replace or clarify rights under historic treaties."
gs026,"Mr. Speaker, I will be sharing my time with the member for Vancouver Quadra. It is a privilege to rise in the House to speak to the motion put forward by the member for Battle River—Crowfoot on the Canada-Alberta MOU, building pipelines to Asia and the Oil Tanker Moratorium Act. Before I begin, I would like to acknowledge that we are gathered on the traditional unceded territory of the Anishinabe Algonquin nation, and I would like to express my gratitude for the privilege of sharing this land with them on this very day. It is important to recognize that, across Canada, the lands, waters and ice are traditional territories of the first nations, Inuit and Métis peoples. Indigenous peoples have cared for these environments for thousands of years, and their knowledge and leadership remain essential. Our journey toward reconciliation continues to be a priority for me, and it is one of the reasons I am in the House today. Today I want to talk about the future, our future, and the foundation that the Government of Canada is building for a stronger, more sustainable Canada. It is a future that is not only net-zero but also full of new opportunities for clean, resilient and lasting growth, from such things as building new industries that anchor long-term jobs in every region and developing climate-smart infrastructure that saves money by avoiding costly disaster recovery. There are opportunities for workers and communities, such as thousands of skilled jobs for electricians, energy advisers, engineers and construction workers, as well as community-owned renewable energy projects that keep wealth circulating locally. There are opportunities for Canadian competitiveness through selling clean aluminum, low-carbon steel and sustainable forestry products. In other words, it will be a climate-competitive Canada. I am talking about a Canada that leads the world by leaning into its strengths. I will put that in perspective. Countries around the world are making the transition to clean, low-carbon energy industries and technology. They are competing to design the cleanest technologies, produce the cleanest fuels and operate the cleanest industries. They are competing for capital, for talent and for innovation."
gs027,"The government and the Bloc chose to remove that protection. They now tell Canadians not to worry. They tell faith leaders to trust prosecutors. They tell religious teachers to trust the courts, and they tell parents and clergy that lawful expression would probably remain lawful. However, if this protection were not needed, why was it kept in the Criminal Code for more than half a century? If the government still believes that good-faith religious expression should be protected, why remove the words that clearly protect it? This is the slippery slope. It rarely begins with the government's openly saying it wants to criminalize ordinary religious teaching. It begins with promises that the law would be used only in extreme cases. The protection then disappears, and the line becomes less clear. A complaint is made against a faith leader, a teacher or a parent. An investigation and legal costs may follow. Even without a conviction, the process can become the punishment. Clergy and teachers would begin censoring themselves because the Liberal government has chosen to remove a clear protection and replace it with uncertainty. That is how the slippery slope works. First the protection is removed. Then the line becomes unclear. Finally, people stop saying lawful things because they fear what might happen. However, self-censorship is not the only danger. Driving hateful ideas underground does not make them disappear. It can allow resentment and hatred to grow where they are harder to challenge, until they emerge in more dangerous forms. In a free society, bad ideas should be exposed and defeated in the open. Sunlight is often the best disinfectant. Criminal law should deal firmly with threats, violence and genuine incitement, but it should not push lawful discussion into the shadows, otherwise peaceful Canadians become afraid to speak, while real hatred is pushed out of sight instead of confronted. Rights are rarely taken away all at once. They are weakened one step at a time, with every step described as small and reasonable. That is why the government must prove that these restrictions are needed, that existing law is not enough and that lawful speech will remain protected."
gs028,"The homes and the infrastructure Canada needs do not build themselves. If Canada wants to build the housing, infrastructure, transportation and clean energy projects we talk about so often, we need skilled workers, and many more of them. This is why one of the most important components of the spring economic update is the investment in skilled trades and apprenticeships. The government is launching a nationwide effort to recruit, train and hire up to 100,000 new Red Seal skilled trades workers by 2031 through the team Canada strong program. This creates a direct pathway for young Canadians into rewarding, well-paying careers while helping address labour shortages that are delaying projects across the country. This will support Canadians through the entire process, from discovering the trades to apprenticeship opportunities, completing the technical training and ultimately achieving Red Seal certification. It is also about reducing barriers by simplifying and accelerating the certification pathway so more Canadians can enter this workforce faster. Bill C-30 would also improve labour mobility for tradespeople by increasing the labour mobility deduction from $4,000 to $10,000, lowering the threshold to access it and making it easier for workers to go where their skills are needed most. For workers who spend weeks away from home helping build critical infrastructure and housing, this matters. This legislation also contains targeted affordability measures that would make a meaningful difference for Canadians. Between mortgage payments, rising living costs and uncertainty about the future, many young Canadians are feeling stretched thin even after reaching the major milestone of buying a new home. Measures in Bill C-30 like extending the repayment grace period under the homebuyers' plan would provide relief to homeowners to ease pressure during those early critical years of home ownership. Bill C-30 would also reduce the CPP contribution rates beginning next year, helping workers and businesses keep more money in their pockets. While individually these changes may seem modest, in combination with recent measures like cutting Canadian income taxes, cutting the GST on new homes for first-time homebuyers and the groceries and essentials benefit, together they would help lower the pressure on Canadians who are already facing high costs."
gs029,"Mr. Speaker, I am participating in today's debate to speak about the government's plan to maintain fiscal stability and provide a bit more clarity on Canada's economy. The government's fiscal plan remains rooted in fiscal responsibility. This is not for its own sake, but to create capacity and invest in long-term economic strength and greater self-reliance. Consistent with this approach, the recent spring economic update of 2026 is the government's next step in building a stronger, more independent and more resilient Canada. It advances the building of more affordable housing and houses. It talks about major infrastructure that transforms and connects our economy while bringing down costs to help Canadians get ahead. It is absolutely important to give a clear and transparent account of Canada's economy and its performance in an increasingly uncertain world, and to not promote fear. We are advancing major projects that connect and transform our nation, supercharging our housing construction and forging new economic partnerships. We are acting decisively to protect our economic sovereignty and position Canada for greater long-term growth. It is a principled and pragmatic approach. However, some long-term payoffs will take time. To ensure that Canadians have the support they need right now, the government is providing bridging supports. For over a year, Canada's government has been focused on making life more affordable. Nearly 22 million Canadians are keeping more of what they earn with the middle-income tax cut. First-time homebuyers are saving up to $50,000 with the removal or reduction of the goods and services tax on new homes. The removal of the consumer carbon price has lowered gas prices by 18¢ per litre. The government has temporarily suspended the federal fuel excise tax. Last week, more than 12 million Canadians began receiving hundreds of dollars more through the new Canada groceries and essentials benefit. These are important measures."
gs030,"Mr. Speaker, I rise today to speak in support of Bill C-15, the budget implementation act. The legislation is more than a collection of policies and tax changes; it is a blueprint for building a stronger, more resilient Canada at a time when we face major global and economic challenges. For decades, our prosperity has relied on stable international trade rules and open markets. However, today, the rules-based system and long-time trade relationships, including with our closest partner, the United States, are being disrupted. Canadian firms are facing new barriers. Supply chains are under pressure. Jobs and livelihoods depend on our ability to adapt. This means that Canada must build a bigger, more innovative economy here at home, faster than ever before. We must diversify our markets, mobilize investment and unleash the full potential of Canadian workers and businesses. Bill C-15 moves us decisively in that direction. It would grow our economy, build homes people can afford, make life more affordable and protect the environment while opening the door to a new generation of clean economic growth. Budget 2025 is unapologetically an investment budget. We are making generational investments in infrastructure, clean technology, housing and the skills Canadians need to thrive. We must do so while maintaining higher environmental standards. The legislation helps unlock the goal of catalyzing $1 trillion of investment over five years from provinces, municipalities, indigenous partners and the private sector. We are attracting capital by creating certainty, providing incentives and fast-tracking the infrastructure that will power our economy for decades to come. We are doing it responsibly. Canada enters this moment with the strongest credit rating in the world, the lowest long-term interest rates in the G7 and the lowest net debt-to-GDP ratio of any major economy. International experts, including from the IMF, have said that Canada is pursuing strategic progrowth investment, and they project that we will have the second-strongest economic growth in the G7 in 2026."
gs031,"Despite these reforms, we understand that Canadians remain concerned about repeat offences and violent offences. This is why the government will introduce legislation this fall to further strengthen bail and sentencing provisions in the Criminal Code. The federal government has committed to establishing reverse onuses for a range of serious crimes, including violent and organized crime-related auto theft, home invasions, human trafficking and human smuggling, to make bail more onerous to obtain in these circumstances. There is also a commitment to amending the Criminal Code to direct courts to give primary considerations to the principles of denunciation and deterrence when determining a fit sentence for anyone who has numerous convictions for auto thefts or home invasions. Further commitments include expanding the possibility of consecutive sentences in violent or organized crime-related auto theft cases. These are concrete measures aimed at addressing repeat and violent offending throughout the criminal justice process. They represent an approach that is strategic, evidence-based and evidence driven, and focused on protecting public safety without sacrificing the rights and fairness that are the foundational aspects of our judicial system. We also know that reform cannot happen in isolation. The operation of the bail system is a shared responsibility between the federal and provincial and territorial governments, as I have already stated. While the federal government sets the legal framework, the provinces and territories manage the day-to-day operations, including court and jail administration. Strengthening the law at the federal level must therefore be complemented by effective enforcement resources and oversight at the provincial level, and without this coordination, even the best legislation would not achieve meaningful change. Data and evidence also play a crucial role. Provinces and territories collect the data necessary to evaluate how bail laws are functioning, identify gaps and implement improvements. Better data always allows government to track outcomes, assess risks and ensure that measures designed to protect public safety are actually working. That is why our government continues to work closely with partners across the country to improve data collection, transparency and reporting in the criminal justice system."
gs032,"Mr. Speaker, I rise today to affirm a central New Democrat principle, which is that we must take real, meaningful action to confront hate in Canada without undermining the fundamental freedoms that define our democracy. The Canadian Civil Liberties Association and more than 40 civil society organizations raised a red flag with respect to the language in Bill C-9. It said that the bill: ...could be used to criminalize peaceful protest and silence unpopular expression. Instead of meaningfully addressing these concerns, the truncated Committee process did very little to improve the bill and actually made the bill worse by removing the Criminal Code’s good-faith religious defense without putting anything adequate in its place. New Democrats could not agree more. We understand both the urgency of addressing hate and the necessity of protecting civil liberties. Let me be clear. Hate is real. It is rising. It is harming communities across this country: racialized communities, indigenous people and members of the 2SLGBTQ2+IA community. However, the legislation must be precise, effective and just. It must target the actual sources of harm, not cast a wide net that risks criminalizing legitimate expression and dissent. That is why we continue to have serious concerns with the bill before us. In fact, the member for Nunavut, on behalf of the NDP, tabled amendments at committee to try to address some of those concerns, but all of those amendments failed. The NDP position, as articulated by her, remains the same. She stated: The NDP believes the federal government must take comprehensive action to fight the rising tide of hate in Canada. She went on to say: Yes, we need to combat hate, but we do not need to criminalize people speaking up, and we definitely do not need to keep them jailed for longer. I am disappointed that this bill does not address the violent activities of the growing white nationalist movement. The Liberals' failure to include that aspect in this bill leaves racialized communities, indigenous communities and the 2SLGBTQIA+ community without the necessary tools to combat the largest source of hatred in Canada."
gs033,"That is why the RCMP has created a national task force to coordinate investigations and share intelligence across the country, focusing in particular on cases that have affected the South Asian communities in Brampton, Surrey, Edmonton and Abbotsford. It is expanding to other regions as well. This task force is working not only with domestic law enforcement but also with international partners to track and disrupt organized crime networks. Addressing these challenges requires more than words. It demands concrete action. The government has taken, and continues to take, meaningful steps to strengthen the tools available to law enforcement and the justice system, ensuring that repeat and dangerous offenders are held accountable and that Canadians can feel safe in their homes, on their streets and in their businesses. Key changes to the Criminal Code's bail provisions came into effect on January 4, 2024, under the former Bill C-48. Individuals charged with serious repeat violent offences, particularly those involving weapons such as firearms, knives or bear spray, now carry the burden of demonstrating a reverse onus, in particular demonstrating why they should be released on bail, rather than Crown counsel having to fight against the bail. Courts are required to consider an accused person's history of violent convictions and to state on the record how community safety, as well as circumstances of Indigenous peoples and other overrepresented populations, have been taken into account. These reforms ensure that public safety is at the forefront of bail decisions, while they respect individual circumstances and their rights protected under the Canadian Charter of Rights and Freedoms, and provide judges with clear guidance to make informed, evidence-based decisions, but we are going to take this even further. In our new upcoming bail and sentencing legislation, we are going to make sure that the courts are committed to these basic principles. Public safety should be at the forefront for the reason for denying bail. If somebody is a public safety risk, they should not be provided bail."
gs034,"If a treaty obligation is missed, the responsible minister should stand in this chamber and answer for it. We have not seen that. Senior officials who ignore commitments should not be promoted. Departments that fail to act repeatedly should face consequences from the House. That is what accountability looks like. That is what we want to see. Conservatives believe in a strong, durable, honourable relationship with indigenous nations, and we believe that modern treaties must be more than signed documents. Here is where we differ and here is what we want, and I will just list them quickly. We want to require departments to act on Auditor General recommendations. We want to mandate public, measurable implementation plans for each treaty. We want to empower indigenous governments as equal partners and not as observers of Ottawa's bureaucracy, and we want to ensure that ministers face consequences. That is the only real way to solve this."
gs035,"I have heard concerns and had discussions with faith communities in my own riding about the protection to read scripture and sacred texts. At committee, these were taken seriously. The Parliamentary Secretary to the Minister of Justice introduced a “for greater certainty” clause to make clear that legitimate religious expression and the quoting of sacred texts in good faith are not and will not be criminalized. Above all, the charter protects this right. Let us agree that the status quo is not an acceptable option. Police forces have asked for clarity. Jewish Canadians have asked for protections. We want to see terror symbols off our streets. We expect fear and intimidation in our communities and neighbourhoods to stop. We want accountability for violent and hateful acts, and we want them prosecuted to the fullest extent of the law. When synagogues are targeted by gunfire, when communities are living with fear and when hate crimes are rising across the country, Canadians expect their elected representatives to act responsibly and decisively. They expect us to work together. They expect us to move beyond procedural stall tactics in the House and in committee, and to focus on the safety and well-being of the people we serve. That is what the motion allows us to do. It ensures that Parliament can complete its work on legislation that seeks to protect Canadians from hate and violence. Hatred thrives when institutions fail to respond, but Canada has always been strongest when we stand together, across faiths, across communities and across political lines, to defend the values that define this country. Those values include freedom, dignity and safety for every Canadian. That is why this legislation matters. That is why I am going to be supporting the motion before us today."
gs036,"The Charter of Rights and Freedoms does not treat religion as an afterthought or something to be bargained away in committee. Freedom of religion is listed among our fundamental freedoms because that freedom to hold beliefs, to express them and to live them out is foundational to human dignity. For decades, Canadian law has reflected this through a religious exemption in hate speech provisions. That exemption ensures Canadians can cite scripture, preach, teach, debate and discuss matters of faith, even when those teachings are controversial, without fear of criminal prosecution. Bill C-9 would remove that protection. Religious expression is a charter-protected freedom. Let us think about what that means. Expressing a traditional religious teaching, something that has been part of faith for generations, could now be interpreted as criminal, depending on how someone else perceives it. The old adage that the road to hell is paved with good intentions is not just a saying. It is on full display here. The government may mean no harm and the next government may mean no harm, but we do not know the future and what future governments may plan. What we do know is that if Bill C-9 passes, future governments will have the tools they need to legally repress Canadians by simply redefining “hate” to mean whatever they say. That does not mean they necessarily will, but it was not that long ago that the Liberal government accused anti-government protesters of hate and invoked the Emergencies Act. It is not a long walk to imagine future misuse of that term."
gs037,"Madam Speaker, I appreciate the comments my colleagues have been sharing today. It seems we are the only ones who are standing up for Canadians and the travesty of this budget. We are facing the greatest peacetime fiscal crisis in a generation and it did not have to be this way. The Prime Minister broke every promise he made just six months ago. This is a Prime Minister Canadians simply cannot trust. He promised a $62-billion deficit and delivered an over $78-billion deficit. That is $16 billion in broken promises. He promised to spend less. He is spending $90 billion more, which is $5,400 more in inflationary spending per household. He promised to lower the debt-to-GDP ratio. He is raising both debt and inflation. This budget adds $10 million to our debt every hour. That is $240 million every single day. The federal debt is now over $1.3 trillion, a number so large most Canadians cannot even comprehend it. Let me be clear about the Liberal pattern. Stephen Harper left the government a balanced budget, achieved through disciplined spending and sound fiscal management. In 2015, Justin Trudeau promised modest deficits and told Canadians that budgets balanced themselves, which is perhaps the most economically illiterate statement in our political history. In 2025, the current Prime Minister presented himself as a fiscal hawk, the supposed adult in the room who would restore fiscal responsibility. The reality is that he will add over $320 billion to the federal debt over five years, more than twice what Trudeau would have added. The fiscal hawk was a fantasy."
gs038,"In other words, the office cannot solve failures, cannot enforce compliance and cannot even be compelled to work at the pace required to match the seriousness of the issues that are at hand. These issues are serious, not just in the province of B.C., where, in some places, they are exploding, but throughout Canada. Again, I ask what the office is supposed to do. The answer is nothing meaningful. The problem is not a lack of oversight; the problem is a lack of action. The government has a long history of substituting announcements, offices and photo ops for actual implementation. When faced with a problem, the Liberal instinct is always the same, to create a new bureaucracy and hope that symbolism distracts from inaction. Let us look at the record. Since 2015, despite promising a renewed nation-to-nation relationship, and despite promising to respect modern treaty partners, the government has negotiated zero new modern treaties. There has not been one in 10 years. There has been zero progress. Meanwhile, under former prime minister Stephen Harper, Canada saw real results. Nine communities reached a final modern treaty agreement in six years. These were not symbolic gestures. They were fully negotiated agreements that required hard decisions, interdepartmental coordination and political will. Conservatives got things done, and the Liberals have not. This context matters. A government that has failed to negotiate treaties and has failed to implement existing obligations now wants Parliament to believe that creating another office would miraculously fix the failures it has spent a decade ignoring. The claim is not credible. The Liberals argue that a commissioner would provide direction, but modern treaties do not need more direction; they need delivery. Out of respect for our first nation partners, our neighbours, departments need to implement the agreements that have already been signed. Ministers need to enforce obligations already written in law. Commitments that have been sitting untouched for years need to be acted upon, not observed from afar by a new commissioner. Reconciliation is not achieved by expanding Ottawa's payroll. It is achieved when commitments are honoured."
gs039,"Bill C-14 scratches the surface. It may make it slightly harder for traffickers to get bail, but it would do almost nothing to strengthen sentencing, victim protections or enforcement. Human trafficking of minors once carried strong mandatory minimums that deterred predators. The Liberals weakened or repealed many of them, and Bill C-14 would not restore them. Cases collapse into reduced charges through plea deals, and Bill C-14 would do nothing to stop that. Victims are often left in the dark when their traffickers are released, and Bill C-14 would not fix that either. When a crime is this vile and this morally repugnant, half measures are not enough. Just a few weeks ago, a jewellery store in the Upper Canada Mall in Newmarket, which is in my community, was ambushed by a group of masked robbers. They smashed the display cases, terrified shoppers and shattered the sense of safety that families rely on. Last weekend, it happened again in the same mall, but to another store. This time, a police officer and security guards were pepper-sprayed. The message this sends is unmistakable: They can do this because nothing will happen to them. This is what weak bail laws create: a culture of impunity and a revolving door where offenders are back on the streets before the paperwork is done. Who carries the burden? It is the families, the business owners, our brothers and sisters, our neighbours, our employees, the seniors who walk in the mall for exercise and the parents who are deciding whether it is still safe to bring their children. While Bill C-14 would adjust some bail considerations, it would still allow for release on the least restrictive conditions, even for crimes that target the very sense of safety in a community. For gang-related robberies, auto theft rings, home invasions, extortion and coordinated retail attacks, public safety must be the first and central consideration."
gs040,"Mr. Speaker, it is an honour to rise today on behalf of the Edmonton Griesbach riding. I will be using my time to speak to Bill C-22. Bill C-22 is significant. It touches on public safety, privacy and the fundamental relationship between citizens and the government. That means we absolutely have to get it right. It goes without saying that Conservatives believe in law and order. We have always stood for common-sense measures to keep Canadians safe. For the past decade, we have been urging the Liberal government to reverse its failed policies and restore safety to our communities. Instead, the Liberals have let the situation get out of control. Last fall, the Liberals put forward Bill C-2, which would have fallen well short of protecting Canadians while overreaching in other areas. Thanks to the work of our Conservative team, we forced the Liberals to back down from Bill C-2, successfully blocking their infringement of individual freedoms and privacy. We stopped the Liberals from limiting the use of cash. We stopped them from opening mail without oversight. We stopped them from demanding that any service provider, including even dry cleaners, disclose user data without judicial oversight. Now we are presented with Bill C-22. While this bill excludes some provisions that Conservatives opposed, it also reintroduces parts of the failed Bill C-2. My Conservative colleagues and I continue to carefully review every line of this bill, as lawmakers. This legislation requires the necessary scrutiny and, yes, skepticism. Conservatives take this responsibility seriously. We support law enforcement. We want officers to have the tools they need to keep Canadians safe. That is not in question. It has never been in question. Also, we know these powers must be accompanied by strong safeguards, clear limits and independent oversight to protect Canadians' rights and freedoms. At the same time, we stand for the rights and freedoms of Canadians. We stand for privacy and due process. Those two principles must go hand in hand. We will continue working to ensure that privacy and due process are protected, with this legislation and all future legislation."
gs041,"The carbon capture by mass timber can also be significant, especially in taller wood buildings. When used as a substitute for or complement to concrete and steel, mass timber delivers significant climate benefits, cutting embodied emissions in buildings by as much as 25%. Canada has the third-most extensive forested area on earth. If we manage our forests sustainably, our country has a significant supply of timber available to meet the growing demand for building with wood and mass timber. Greater demand can strengthen Canada's softwood lumber industry while helping to reduce reliance on our southern neighbour and reducing the climate pollution caused by the embodied carbon and building materials. I want to talk about core partnerships next. Build Canada Homes has already formed key partnerships with provinces, territories, indigenous partners and local governments. Notably, we are forging commitments to ensure that supportive and transitional housing is matched with the wraparound services residents need. For example, these partnerships would support the creation of 30 supportive and transitional homes announced in Nova Scotia and 54 at Dunn House phase 2 in the member for Taiaiako'n—Parkdale—High Park's riding in Toronto, with further negotiations under way to ensure critical services to the most vulnerable Canadians. Just last week, we announced a partnership with the B.C. government in Victoria to build 700 supportive and transitional homes, setting a new bar for the scale of the supportive and transitional homes that are needed to tackle homelessness. Build Canada Homes is also committed to building indigenous partnerships that further self-determination and contribute meaningfully to meeting the needs of indigenous communities. Through Build Canada Homes, the governments of Canada, Nunavut and Nunavut Tunngavik Incorporated reached an agreement in principle to support the development of 750 homes for non-market housing in Nunavut. These homes will be designed and delivered in collaboration with Inuit, for Inuit."
gs042,"Mr. Speaker, in the 1970s, during Britain's energy crisis, there was a saying that the government treats taxpayers like lemons; that every time it needs more money, it just squeezes harder. That is exactly how Canadians feel today every time they pull up to the gas pump. Whether someone is a mom driving their kids to hockey in Cloverdale, a tradesman in Langley filling up his truck before work or a senior cutting back on groceries because of gas prices, they all watch the numbers spin higher and higher while government quietly takes a bigger cut every second that dial moves. If government revenue rises every time gas prices rise, what incentives do the Liberals actually have to bring that cost down? That is the uncomfortable truth at the centre of this debate. Every time families pull up to the pump and watch those numbers climb higher, Ottawa is standing right there with its hand out. There is the GST, the industrial carbon tax and the clean fuel standard, all stacked one on top of the other on every litre we buy. As Canadians watch those numbers click frighteningly higher, government revenues rise automatically. After months of soaring prices and dogged pressure by the Conservatives, the Liberals finally arrived with a tiny, temporary tax break. They presented it as though they performed some great act of economic heroism. In reality, their plan delivers barely one-third of the relief for barely one-third of the year, compared to what Conservatives had proposed. The Liberals want Canadians to believe that the cupboard is bare, that this is the absolute limit of what government can do, when in fact they can remove all federal taxes on gas and diesel tomorrow morning and give some real and actual relief to Canadians."
gs043,"Transit is not a luxury. It shapes people's quality of life and whether parents can make it home in time to see their kids before bed. Transit shapes access to jobs, education, health care and opportunity. Strong public transit systems are one of the ways we make cities more affordable, more connected and more livable. This is why our government continues to invest in critical transit projects such as the Ontario line. Once it is complete, Spadina—Harbourfront will be home to five Ontario line stations: Exhibition, King West, Chinatown, Osgoode and Queen. We are also working alongside the province and the City of Toronto to jointly fund the waterfront east transit, because building transit requires collaboration across all levels of government. These projects are a critical component to connecting our community and linking residents in Spadina—Harbourfront and beyond to their jobs, families and homes. Toronto's tourism sector has welcomed more than 28 million visitors, spending $9 billion in our city. With FIFA World Cup 2026 fast approaching, Toronto, and in particular Spadina—Harbourfront, will welcome even more visitors. In fact, all six Ontario matches will be hosted on the vibrant waterfront in Spadina—Harbourfront. Toronto has a proud record of hosting international sporting events, from the 2007 FIFA U-20 World Cup to the 2015 Pan Am Games. Spadina—Harbourfront is home to some of Canada's most recognizable destinations and sports and entertainment venues, like the Rogers Centre, or the SkyDome, Scotiabank Arena, the CN Tower, Union Station, our waterfront and Toronto's financial district. It is also home to the teams and events that bring millions of people into our city every year, from the Toronto Blue Jays and the Raptors to the Toronto FC, the Maple Leafs and Toronto Tempo, among others. It has become one of the great sports and cultural cities in the world, and that economic activity matters for Canada. That is why our government will be investing $755 million over five years and $118 million ongoing to support Canada's sports ecosystem and help strengthen our ability to host major international events."
gs044,"Budget 2025 is about leading with confidence and with discipline. It is a plan that balances ambition with responsibility, because Canadians expect their government to be a careful steward of their hard-earned tax dollars. This budget introduces a new approach: spending less to invest more. We are slowing the growth of government operations, cutting red tape and focusing every dollar on priorities that grow our economy, such as housing, innovation and clean energy. We are maintaining Canada's lowest net debt-to-GDP ratio in the G7. We are also introducing a capital budgeting framework to clearly separate day-to-day spending from long-term investments that build our country's strengths. Budget 2025 is more than a fiscal plan; it is a nation-building blueprint for a stronger, more confident Canada. It is about protecting what we value, building where we need and empowering every Canadian to help shape our future. In Kanata, Carp, Bells Corners and Stittsville, we see what that future looks like: innovators pushing the boundaries of technology, families working hard to build a life, and communities coming together to create opportunity. This budget invests in them: in affordable homes, good jobs, clean energy and the next generation of Canadian ingenuity."
gs045,"This bill would introduce a new tool, a process for identifying, prioritizing and advancing transformative infrastructure and development projects. To support this new process, the government plans to create a new federal major projects office to coordinate, problem-solve and fast-track projects of national interest, transitioning from a fragmented approach to approval to unified, decisive action. For projects of national interest like these, we are committed to making decisions within a maximum time frame of two years, not five years or more. The Prime Minister has been very clear. Moving forward, we will commit to a “one project, one review” approach. The days of duplication and cost overruns are over. Federal, provincial and territorial authorities will all work on a single assessment to move quickly, while remaining just as thorough and maintaining public trust. Standards will be high. Only projects that strengthen Canada's resilience, provide measurable economic benefits and are in line with our environmental, social and indigenous reconciliation values will receive this designation. Our goal is to put “Canada” and “achievement”, not “Canada” and “delay”, in the same sentence. Just as vital is the continued commitment by this government that indigenous governments, partners and indeed indigenous peoples and communities must be engaged from the outset. Respect for constitutionally protected indigenous rights, knowledge and priorities is obviously non-negotiable and is clearly enunciated in the bill currently before the House. When we say partnership is the foundation, we mean exactly that. Whether in Inuvik, the Métis heartland of Manitoba or the Mi'kmaq territory in Atlantic Canada, nation building is only real if it is shared. That is why equity partnerships for indigenous peoples will be supported and prioritized. Environmental stewardship will also remain paramount. This bill would not weaken any of Canada's core environmental statutes. Instead, it is about considering whether major projects drive clean growth and forge a sustainable legacy for the next generations. The work of building a modern one Canadian economy does not stop with flagship projects. Our prosperity also depends on removing barriers that hobble Canadians' ability to trade, connect and work wherever opportunity calls across our country."
gs046,"The screen-based production sector supports hundreds of thousands of direct and indirect jobs in Canada. These are not abstract jobs. They are good-paying, highly skilled jobs held by Canadians in every region of this country. They include camera operators, lighting technicians, sound engineers, visual effects artists, editors, costume designers, set builders, location managers, caterers, truck drivers, musicians, actors, writers, producers, translators and post-production specialists. The economic impact extends well beyond the production set itself. When productions film in a community, they rent hotel rooms, use local restaurants, contract transportation companies and use facilities throughout the community they are filming in. I can attest to this. Little Lorraine, a movie that was filmed on Cape Breton Island, was a huge success at the box office, but in terms of economic development, it provided a boost to the Cape Breton Regional Municipality. In cities like Toronto, Vancouver and Montreal, the production industry has become a major economic engine, but places like Cape Breton Island have been home to many movies. Again, what it contributes, not just to the economy of the country, not just to the regional economy, but to the local economy, is quite substantial. This is why the framework established under the Online Streaming Act matters. The world has changed dramatically since the original Broadcasting Act was drafted. Traditional broadcasters continue to contribute to Canadian content obligations while facing increasing competition from large foreign streaming services that dominate audience share and subscription revenues. The problem the legislation sought to address was straightforward: The regulatory system has not kept pace with technological change. Canadians are increasingly consuming programming online rather than through conventional broadcasting platforms, yet the contribution framework that historically applied primarily to Canadian broadcasters is still an item. This imbalance is not sustainable. If Canadian broadcasters are required to contribute to Canadian programming while foreign streaming platforms generating significant Canadian revenues are exempt, eventually the financial foundation supporting Canadian production begins to erode."
gs047,"Mr. Speaker, introducing additional requirements, such as language proficiency, knowledge testing or security screening, for Canadians who are citizens at birth would blur the line between immigration and citizenship by descent. It would impose a process meant for newcomers on people whose citizenship is already recognized in law. We do not ask Canadians born in this country to pass tests to retain their citizenship, nor do we impose these kinds of tests now on Canadians who are born abroad. Extending such tests to those born or adopted abroad beyond the first generation would create distinctions between Canadians based solely on their place of birth. Extending such tests only to adults would create distinctions based on age. Canada cannot have different classes of citizens. Bill C-3 maintains the proper separation between immigration and citizenship law. It ensures that citizenship at birth, whether by place or by parentage, remains clear, consistent and secure. I want to reassure Canadians that Bill C-3 already includes strong safeguards to uphold both the integrity of citizenship and the security of our country. Citizenship by descent will not operate on the honour system. The burden of proof rests squarely on the Canadian parent, who must provide evidence of their 1,095 days of physical presence in Canada before their child’s birth or adoption. Documents such as educational transcripts, pay stubs and leases will be reviewed carefully by officers, who may request additional information when needed. If a parent cannot demonstrate the required physical presence, their child born or adopted abroad will not be Canadian. All of Canada’s existing integrity measures continue to apply as well. Passport controls, law enforcement co-operation, prosecution for extraterritorial offences and citizenship revocation in cases of fraud remain essential tools to protect the safety of Canadians and the trust they place in our citizenship system. I am running out of time, so I am just going to go to my conclusion."
