year,n,pangram_flag_rate,justification,common_good,respect_groups,respect_demands,respect_counterargs,constructive,evidence
2019,35,0.0,1.66,1.29,1.23,0.96,1.5,0.54,2.06
2020,40,0.0,1.68,1.05,1.38,0.83,1.44,0.2,1.82
2021,40,0.0,2.02,1.05,1.1,0.97,1.43,0.25,2.05
2022,40,0.0,1.9,1.25,1.35,0.97,1.73,0.5,2.2
2023,50,0.04,1.74,1.14,1.26,0.85,1.44,0.34,2.12
2024,50,0.04,1.96,1.28,1.3,1.0,1.39,0.26,2.4
2025,46,0.0435,1.76,1.26,1.17,0.68,1.32,0.11,2.09
2026,44,0.1364,1.98,1.27,1.25,0.52,1.52,0.39,2.41
# random per-year samples; 2025/2026 split of the B sample (Oct-Dec 2025 vs Jan-May 2026 sittings); Sp 0/240 pre-AI
